DATE,HOTEL/FIRM,CODE,"JOB DESCRIPTION",JOB.,QTY,PRICE,AMOUNT,PAPER,COLOR,งานหลังพิมพ์,จำนวนเที่ยววิ่ง,ช่างอาร์ต,เครื่องพิมพ์,ช่างพิมพ์,COOR,NEW/OLD,วันที่เสร็จ,TEL.
18-07-23,Lamphu,R,"STK ติดพลาสวูด",01313,48,50,2400,-,-,"ติดพลาสวูด 3 มม / ติดห่มไปด้านหลัง / ปิดดำทับ / ขนาด 6*4.5 48 ชิ",,โอ๋,อิ้งเจ็ท,โอ๋,ตา,N,18-07-23,
18-07-23,"Saona Collection",O,"photo paper",01336,30,"100*15 / 100*8 / 250*7",4050,photo,"น 4 cmyk","ขนาด 30*40 ซม 15 ชิ้น / 30*42 ซม 8 ชิ้น / 60*40 ซม 7 ชิ้น ",,โอ๋,อิ้งเจ็ท,โอ๋,ตา,N,18-07-23,
18-07-23,K.กวาง,,ไวนิล,01338,1,250,250,-,-,"ขนาด 80*100 ซม 1 ชิ้น / ตอกตาไก่ ในเนื้องานระยะห่าง 4 ซม ",,โอ๋,อิ้งเจ็ท,โอ๋,ตา,N,18-07-23,
18-07-23,"Sala Samui Resort & Spa(เฉวง)",H,"STK ติดพลาสวูด",01192,20,100,2000,"stk pp",-,"ติดพลาสวูด 3 ซม / ขนาด 10.5*27.9 ซม / เคลือบด้าน",,โอ๋,อิ้งเจ็ท,โอ๋,ตา,N,18-07-23,
18-07-23,"Melia Koh Samui Beach Resort",H,"STK ติดโฟม",01340,1,500,500,"stk pp",-,"ติดโฟมบอร์ด / ไดคัทตามตัว",,โอ๋,อิ้งเจ็ท,โอ๋,ตา,N,18-07-23,
18-07-23,"Holiday Inn Koh samui",,STK,01187,"1 set",500,500,pp-ด้าน,-,-,,โอ๋,อิ้งเจ็ท,โอ๋,ตา,N,18-07-23,
18-07-23,"Holiday Inn Koh samui",,"STK ติดฟิวเจอร์บอร์ด",01134,"1 set",,4900,pp-ด้าน,"น 4 cmyk",-,,โอ๋,อิ้งเจ็ท,โอ๋,ตา,N,18-07-23,
18-07-23,"Seen Beach Club",H,"menu drink",01182,40,300,12000,"stk pp",-,"ขนาด A3 40 ชุด / ติดพาสวูด หน้า-หลัง / เคลือบด้าน",,โอ๋,อิ้งเจ็ท,โอ๋,ตา,N,18-07-23,
18-07-23,"Anahata Samui",H,"ไวนิล 8 set",01180,"8 set ",600,4800,-,-,-,,โอ๋,อิ้งเจ็ท,ต้อม,ตา,N,18-07-23,
18-07-23,"Mo Real Estate",,"print backlite",01282,8,"80*6 / 120*2",720,backlite,-,"A4 6 ใบ / A3 2 ใบ",,โอ๋,อิ้งเจ็ท,โอ๋,ตา,N,18-07-23,
18-07-23,อ.ภิญโญ,,STK,85652,6500,"0.6*4500 / 0.4*2000",3500,"stk ขาวมัน","น 4 cmyk",-,,โอ๋,"Digital Print",โอ๋,ตา,O,18-07-23,
19-07-23,"Garrya Tongsai Bay samui",,"Mini Bar",85071,200,97,17600,"เคมี 3 ใบ ขาว-ชมพู-เหลือง","น 1 ดำ","กาวหัว 50 ชุด + No.001-20000",,โอ๋,"ตัด 5",เมฆ,ตา,N,19-07-23,
19-07-23,"Chaweng Cove Beach Resort",H,"repair request form",85328,50,80,4000,"ธรรมดา 3 ใบ ขาว-ฟ้า-ปรุ็ฟ","น 1 ดำ",-,,ปัด,"ตัด 5",เมฆ,ตา,O,19-07-23,
19-07-23,"Absolute Sanctuary",H,"launday bill",82930,50,147,7350,"เคมี 3 ใบ ขาว-ฟ้า-ชมพู","น 1 ดำ",-,,โอ๋,"ตัด 5",แบงค์,ตา,O,19-07-23,
19-07-23,"Sand Sea Beach Resort CO.LTD",,"Letter Head ",85583,2000,2,4000,"ปอนด์ 80g ","น 2 ฟ้า น้ำตาล",-,,ปัด,GTO,ต้น,ตา,O,19-07-23,
19-07-23,"NSP & Laws Firm Co,.Ltd.",O,STK,85542,500,5,2500,"stk ขาวมัน","น 4 cmyk",ไดคัท,,โอ๋,"Digital Print",โอ๋,ตา,O,19-07-23,
20-07-23,ครูเป็นต้น,,portfolio,85272,1,,900,"อาร์ต 300g.","น 4 cmyk","เย็บมุมหลังคา + เคลือบPVC 2 ด้าน + ปั๊มพับ",,ปัด,"Digital Print",ปัด,ตา,N,20-07-23,
20-07-23,"Kamalaya Koh Samui",H,book-shri,85057,100,85,8500,"อาร์ต 300g.","น 1 ดำ","เนื้อใน ขาวดำ",,ปัด,"Digital Print",ปัด,ตา,O,20-07-23,
20-07-23,คุณหงส์,,portfolio,85259,,1,670,"อาร์ต 260g.","น 4 cmyk ล 4 cmyk","เคลือบPVC มัน 2ด้าน เย็บมุมหลังคา ปั๊มพับ / เนื้อใน ART 157 แกรม",,แตงโม,"Digital Print",แตงโม,ตา,N,20-07-23,
20-07-23," go by grory",,"Welcome letter",85252,"3 รีม",,270,โรเนียว,โรเนียว,โรเนียว,,โรเนียว,บริการอื่นๆ,โรเนียว,ตา,O,20-07-23,
20-07-23,"ครัวชาวบ้าน (ร้านอาหาร)",R,ใบเสร็จรับเงิน,85623,100,50,5000,"ธรรมดา 2 ใบ ขาว-ปรู๊ฟ","น 1 ดำ","ปรุหัว 2 ใบ No.55001-60000 ล.1101-1200 + เย็บ 50ใบ/ชุด",,PL,"ตัด 5",แบงค์,ตา,O,20-07-23,
20-07-23,"Jinta Bangalow",H,ใบกำกับภาษี/ใบเสร็จรับเงิน,85543,20,115,2300,"ธรรมดา 3 ใบ ขาว-ฟ้า-ปรุ็ฟ","น 1 ดำ","ปรุหัว 2 ใบ No.30751-31750 ล. 616-635 +เย็บ 50ใบ/ชุด",,PL,"ตัด 5",เมฆ,ตา,O,20-07-23,
20-07-23,วัดบุณฑริการาม,,บัตรรางวัล,85254,200,5,1000,"ปอนด์ 80g ","น 1 น้ำเงิน","โรเนียว + ซอง",,แตงโม,บริการอื่นๆ,โรเนียว,ตา,N,20-07-23,
20-07-23,"Belmond Napasai",H,"directory ",83100,100,64,12800,"ปกโชปัง เนื้อใน wove h/w 120 g ","1 สี คือ ดำ  2 ด้าน",,,ปัด,"Digital Print","laser ",ตา,N,20-07-23,
20-07-23,"U Samui",,"complimentary ",85750,50,150,7500,"เคมี 5 ใบ ขาว ชมพู เขียว  เหลือง ฟ้า","1 สี คือ ดำ ","รันเลขที่2001-4500/ล.041-090 ปรุ 4 ใบ",,ปัด,"ตัด 5",แบงค์,ตา,O,20-07-23,
20-07-23,"Garya samui",,"sticker ",84055,5,70,350,"pp matt","cmyk 1 side ",,,ปัด,"Digital Print","laser ",ตา,N,20-07-23,
20-07-23,"Melati Beach Resort & Spa",H,"food & beverage order",85645,100,55,5500,"เคมี ขาว เหลือง ฟ้า ","น 1 น้ำตาล","รันเลขที่ 12501-17500/ปรุ 2 ใบ",,PL,"ตัด 5",แบงค์,ตา,N,20-07-23,
20-07-23,"U Samui",,"did your for got samething",85738,1000,2.7,2700,"CUG  90g. ","2 สี คือ ม่วง ดำ ",,,PL,"ตัด 11",ศร,ตา,N,20-07-23,
20-07-23,"Chaweng Cove Beach Resort",H,"menu ซ่อมปก",85528,10,120,1200,"อาร์ต 300g.","cmyk 2 side ","matt pvc ",,ปัด,"Digital Print","laser ",ตา,N,20-07-23,
20-07-23,"Chaweng Cove Beach Resort",H,"in room directory",85529,10,120,1200,"art 300 g ","cmyk 2 side ","matt pvc  ปั๊มพับ ",,ปัด,"Digital Print","laser ",ตา,N,20-07-23,
20-07-23,"Conrad Koh Samui",H,"note pad ",85811,1500,10.50,16852.5,"อาร์ต 128 แกรม/เนื้อใน ปอนด์ 80 แกรม","cmyk 1 side ",,,PL,GTO4,แอ้,ตา,N,20-07-23,
20-07-23,"Hansar Hotels & Resorts",H,"nc christian",85548,400,4.50,1800,"art 300 g ","cmyk 2 side ","matt pvc ",,ปัด,"Digital Print","laser ",ตา,N,20-07-23,
20-07-23,Hyatt,,"sticker ",1369,"3 ชิ้น","605 250 250 ",1150,"photo paper /stk ติดพลาสวู๊ด","cmyk 1 side ",,,โอ๋,อิ้งเจ็ท,"ink jet",ตา,N,20-07-23,
20-07-23,Hyatt,,"laundry list",85748,50,75,3750,"เคมี 2 ใบ ขาว-ฟ้า","น 1 เทา","เย็บ 50 ใบ/ชุด",,PL,"ตัด 5",แบงค์,ตา,O,02-08-23,
21-07-23,"ร้ารศศธร เกาะสมุย",,"photo paper",01343,1,250,250,photo,"น 4 cmyk","ขนาด A2 ",,โอ๋,อิ้งเจ็ท,โอ๋,ตา,N,21-07-23,
21-07-23,Horst,,"Flyer ",85673,20000,4,20000,"อาร์ต 210g.","น 4 cmyk",-,,ปัด,MO4,ศร,ตา,N,21-07-23,
21-07-23,สหกรณ์เดินรถเกาะสมุย,O,ใบเสร็จรับเงิน/ใบกำกับภาษี,85632,50,105,5250,"เคมี 3 ใบ ขาว-ชมพู-ฟ้า","น 1 น้ำเงิน","ปรุหัว 2 ใบ No.001-2500 ล.01-05 +เย็บ 50ใบ/ชุด",,โอ๋,"ตัด 5",เมฆ,ตา,O,21-07-23,
21-07-23,สหกรณ์เดินรถเกาะสมุย,O,ใบเสร็จรับเงิน/ใบกำกับภาษี,85564,50,105,5250,"เคมี 3 ใบ ขาว-ชมพู-ฟ้า","น 1 น้ำเงิน","ปรุหัว 2 ใบ No.001-2500 ล.01-50  +เย็บ 50ใบ/ชุด",,โอ๋,"ตัด 5",เมฆ,ตา,O,21-07-23,
21-07-23,"บ.คาเฟ่ บามิซิ จำกัด",O,"Cash Sale",85670,20,85,1700,"ธรรมดา 2 ใบ ขาว-ปรู๊ฟ","น 1 น้ำเงิน","ปรุหัว 1 ใบ No.4001-5000 ล.81-100 +เย็บ 50ใบ/ชุด",,PL,"ตัด 5",เมฆ,ตา,O,21-07-23,
21-07-23,กาละแมแม่พิณ,O,"STK มะพร้าวแก้ว",85892,5,50,250,pp-ด้าน,"น 4 cmyk",-,,โอ๋,"Digital Print",โอ๋,ตา,O,21-07-23,
21-07-23,"Four Seasons Resort",H,"miscellaneous ",85695,100,55,5500,"เคมี 3 ขาว-เหลือง-ฟ้า","น 1 เทา","กาวหัว 50 ชุด + No.55001-60000 ล.1101-1200",,PL,"ตัด 5",เมฆ,ตา,O,21-07-23,
21-07-23,"ซีพีเค เมเนจเม้นท์ (Chaweng Cove)",H,ใบเสร็จรับเงิน/ใบกำกับภาษี,85638,50,95,4750,"เคมี 3 ใบ ขาว-ชมพู-ฟ้า","น 1 ดำ","ปรุหัว 2 ใบ No.1751-4250 ล.36-85 +เย็บ 50ใบ/ชุด",,PL,"ตัด 5",แบงค์,ตา,O,21-07-23,
21-07-23,"Tropical Delice",O,"STK the ritz",85256,"6 A3",60,360,pp-matt,"น 4 cmyk",-,,แตงโม,"Digital Print",แตงโม,ตา,N,21-07-23,
21-07-23,"Kamalaya Koh Samui",H,"paper tax invatce",85511,3000,1.60,4800,"ปอนด์ 80g ","น 4 cmyk",ตัด+แพ็ค,,PL,GTO4,แอร์,ตา,O,21-07-23,
21-07-23,"ท้องพลู รีสอร์ท",H,Receipt,85308,20,65,1300,"แบงค์ขาว 55 g ","น 1 น้ำเงิน","ปรุหัว 1 ใบ No.001-1000 +เย็บ 50ใบ/ชุด",,PL,"ตัด 5",เมฆ,ตา,N,21-07-23,
21-07-23,"The Smocker",,STKติดสินค้า,01353,"1 ตรารางเมตร",650,650,"stk pvc มัน","น 4 cmyk",-,,โอ๋,อิ้งเจ็ท,โอ๋,ตา,N,21-07-23,
21-07-23,"Sea Valley Hotel & Spa",H,"STK ติดอคิลิค",01285,12,"300*10 / 400*2",3800,"STK ติดอคิลิค","น 4 cmyk","ขนาด A4 10 ชิ้น / ขนาด A3 2 ชิ้น",,โอ๋,อิ้งเจ็ท,โอ๋,ตา,N,21-07-23,
21-07-23,Intercontinental,H,"photo paper",01356,1,350,350,photo,"น 4 cmyk",A2,,โอ๋,อิ้งเจ็ท,โอ๋,ตา,N,21-07-23,
21-07-23,K.Anton,,"STK ติดพลาสวูด",01286,1,350,350,"STK ติดพลาสวูด","น 4 cmyk","ขนาด 30*60 ซม ",,แตงโม,อิ้งเจ็ท,แตงโม,ตา,N,21-07-23,
21-07-23,"Sea Valley Hotel & Spa",H,"STK ติดโฟมบอร์ด",01287,1,400,400,"STK ติดโฟมบอร์ด","น 4 cmyk",A1,,โอ๋,อิ้งเจ็ท,โอ๋,ตา,N,21-07-23,
26-07-23,"Kimpton Kitalay Samui",,"miscellaneous ",85681,50,92,4600,"เคมี 3 ใบ ขาว-เหลือง-ฟ้า","น 1 ดำ",,,PL,"ตัด 5",แบงค์,ตา,O,26-07-23,
26-07-23,"Belmond Napasai",H,"miscellaneous ",84053,50,96,4800,"เคมี 3 ใบ ขาว-เหลือง-ฟ้า","น 1 ดำ","ปรุข้าง 2 ใบ No.3501-6000 +เย็บ 50ใบ/ชุด",,PL,"ตัด 5",เมฆ,ตา,O,26-07-23,
26-07-23,Vanabell,,"pillow menu",84074,200,12,2400,"การ์ดขาว 240g","น 4 cmyk",-,,แตงโม,"Digital Print",แตงโม,ตา,N,26-07-23,
26-07-23,"The Ritz-Carlton",H,"กระดาษรองถังขยะ ",85267,10000,0.29,2900,"ปอนด์ 80g ",-,ไดคัท,,นรินทร์,บริการอื่นๆ,นรินทร์,ตา,O,26-07-23,
26-07-23,บ.เจริญสุขเรืองทอง,,ใบรับผ้า,85342,100,54,5400,"ธรรมดา 2 ใบ ขาว-ปรู๊ฟ","น 1 ดำ","ปรุหัว 1 ใบ No.2501-7500 +เย็บ 50ใบ/ชุด",,โอ๋,"ตัด 5",แบงค์,ตา,O,26-07-23,
26-07-23,คลินิกหมอรพีพรรณ,,NC,85360,600,4.50,2700,"อาร์ต 300g.","น 4 cmyk ล 4 cmyk",-,,โอ๋,"Digital Print",โอ๋,ตา,N,26-07-23,
26-07-23,เพชรบัญชา,,"Flyer ",85211,18000,0.75,13500,"อาร์ต 115g.","น 4 cmyk",-,,โอ๋,MO4,ศร+แอร์,ตา,N,26-07-23,
26-07-23,K.Anton,,STK,84062,"10 A3",70,700,pp-ด้าน,"น 4 cmyk",-,,แตงโม,"Digital Print",แตงโม,ตา,N,26-07-23,
26-07-23,บ.เจริญสุขเรืองทอง,,ใบสั่งผ้า,85343,50,70,3500,"ธรรมดา 2 ใบ ขาว-ปรุ๊ฟ","น 1 ดำ","ปรุหัว 1 ใบ No.5001-7500 +เย็บ 50ใบ/ชุด",,โอ๋,"ตัด 5",เมฆ,ตา,O,26-07-23,
26-07-23,"Avani Samui (Sunset Coast)",H,STK,01355,1,,1900,pp-ด้าน,"น 4 cmyk","ขนาด 122*235 ซม",,โอ๋,อิ้งเจ็ท,โอ๋,ตา,N,26-07-23,
26-07-23,"Hansar Hotels & Resorts",H,"Menu ",85617,10,650,6500,"อาร์ต 300g.","น 4 cmyk ล 4 cmyk","เคลือบPVC ด้าน 2ด้าน + เจาะรู + ปั้มพับ + ใส่สัน + ใส่น๊อต",,ปัด,"Digital Print",ปัด,ตา,N,26-07-23,
26-07-23,"Coco Tam's",R,"ปก menu",85653,100,80,8000,"อาร์ต 300g.","น 4 cmyk ล 4 cmyk","เคลือบPVC ด้าน 2ด้าน + ปั๊มพับ + เจาะรู",,โอ๋,"Digital Print",โอ๋,ตา,N,26-07-23,
26-07-23,"Sala Samui Resort & Spa(เฉวง)",H,"Welcome Card",85722,5000,3.40,17000,"signature 270 g","น 1 เทา",ปัมพับ,,PL,GTO,ต้น,ตา,O,26-07-23,
26-07-23,"Sala Samui Resort & Spa(เฉวง)",H,"hotel taxi card",85723,5000,1.30,6500,"signature 270 g","น 2 เทา-ดำ ล 1 เทา",-,,PL,GTO,ต้น,ตา,O,26-07-23,
26-07-23,"ฺBliss Event",,"STK ติดโฟมบอร์ด",01323,"2 ชุด","400 / 7400",7800,"stk ขาวด้าน","น 4 cmyk","ชุดที่ 1 A1 6 แบบ / ชุดที่ 2 8 แบบ",,โอ๋,อิ้งเจ็ท,โอ๋,ตา,N,26-07-23,
26-07-23,"Saona Collection",O,"photo paper",01341,1,160,160,photo,"น 4 cmyk","ขนาด 40*60 ซม",,โอ๋,อิ้งเจ็ท,โอ๋,ตา,N,26-07-23,
31-07-23,เทศบาลกองสาธารณสุข,,ตรายางกองสาธารณสุข,1925,31,,6940,-,-,-,,ปัด,บริการอื่นๆ,ปัด,ตา,N,31-07-23,
31-07-23,"Seen Beach Club",H,"singles party",01352,1,,2000,-,-,"ขนาด 240*300 ซม / ตอกตาไก่ 4 มุม ในเนื้องานห่าง 30 ซม / พับขอบ 1",,โอ๋,อิ้งเจ็ท,โอ๋,ตา,N,31-07-23,
01-08-23,"นภาพล หจก.",O,"STK ติดโฟมบอร์ด",01197,3,,650,-,-,"ขนาด 90*60 3 แบบ 3 แผ่น",,แตงโม,อิ้งเจ็ท,ต้อม,ตา,N,01-08-23,
01-08-23,"สมุย ยูไนเต็ด ฟุตบอล",O,ใบเสร็จรับเงิน/ใบกำกับภาษี,85876,50,95,4750,"เคมี 3 ใบ ขาว-เหลือง-ฟ้า","น 1 น้ำเงิน","ปรุหัว 2 ใบ No.14651-17150 ล.294-343 +เย็บ 50ใบ/ชุด",,PL,"ตัด 5",แบงค์,ตา,O,01-08-23,
01-08-23,"Chaweng Regent (Tai Restaurant)",H,"registration card",84918,100,85,8500,"การ์ดฟ้า 240g","น 2 แดง ดำ","กาวหัว 50 ชุด",,โอ๋,GTO,ต้น,ตา,N,01-08-23,
01-08-23,"Four Seasons Resort",H,"Kid Menu",85947,500,12,6000,"การ์ดขาว 240g","น 1 ดำ ล 1 ดำ",ไดคัท+บล็อคเก่า+เจาะรู+ผูกเชือก+ติดตาไก่,,PL,GTO,ต้น,ตา,O,01-08-23,
01-08-23,"Sala Samui Resort & Spa(เฉวง)",H,"Welcome wedding",01193,1,,650,-,-,-,,โอ๋,อิ้งเจ็ท,โอ๋,ตา,N,04-08-23,
01-08-23,ชลธิชาบาร์,R,"captain order",85317,100,50,5000,"เคมี 2 ใบ ขาว-ฟ้า","น 1 ดำ","ปรุหัว 1 ใบ No.001-5000 +เย็บ 50ใบ/ชุด",,PL,"ตัด 5",เมฆ,ตา,O,01-08-23,
01-08-23,"P Chaweng Royal Hotel",,NC,85685,100,4.50,450,"อาร์ต 300g.","น 4 cmyk",-,,แตงโม,"Digital Print",แตงโม,ตา,N,01-08-23,
01-08-23,"Coral Cliff Beach Resort",H,"hotel map",85604,1000,4.90,4900,"อาร์ต 157g.","น 4 cmyk ล 4 cmyk",พับ,,แตงโม,GTO4,แอร์,ตา,N,01-08-23,
01-08-23,"Anantara Lawana Resort & Spa",H,"STK indian",01168,4,"200*2 / 400*2",12000,-,-,"indian 20*100 2 ชิ้น / santi 58*98 2 ชิ้น ",,โอ๋,อิ้งเจ็ท,โอ๋,ตา,N,01-08-23,
01-08-23,"สุรีรัตน์ จิตมุ่ง",,NC,85746,100,4.50,450,"คราฟน้ำตาล 230 g","น 4 cmyk ล 4 cmyk",-,,แตงโม,"Digital Print",แตงโม,ตา,N,01-08-23,
01-08-23,"Lek Restaurant",,"Menu ภาษาอังกฤษ",85783,5,520,2600,"อาร์ต 300g.","น 4 cmyk",เคลือบแข็ง+เจาะรู+ใส่ห่วงเหล็ก,,แตงโม,"Digital Print",แตงโม,ตา,N,01-08-23,
01-08-23,"wing samui",,"STK logo ",01335,2,70,140,"stk ใส",-,-,,โอ๋,อิ้งเจ็ท,โอ๋,ตา,N,01-08-23,
01-08-23,กาละแมแม่พิณ,O,"STK กะปิ",85891,5,50,250,pp-ด้าน,"น 4 cmyk",-,,โอ๋,"Digital Print",โอ๋,ตา,N,01-08-23,
01-08-23,เพชรบัญชา,,"Flyer -A5",85263,16000,0.75,12000,"อาร์ต 115g.","น 4 cmyk",-,,PL,MO4,แอร์+ศร,ตา,N,01-08-23,
01-08-23,K.เอียด,,ใบฎีกา,85545,800,3,2400,โรเนียว,โรเนียว,โรเนียว,,โอ๋,บริการอื่นๆ,โรเนียว,ตา,N,01-08-23,
02-08-23,"Araya Laundry",O,บิลรับผ้า,84789,50,60,3000,"ธรรมดา 2 ใบ ขาว-ปรุ๊ฟ","น 1 น้ำเงิน","ปรุหัว 1 ใบ No.001-2500 +เย็บ 50ใบ/ชุด",,โอ๋,"ตัด 5",เมฆ,ตา,O+R,02-08-23,
02-08-23,K.Bui,,ไวนิล,01200,1,250,250,-,-,"ขนาด 120*80 ซม",,แตงโม,อิ้งเจ็ท,ต้อม,ตา,N,02-08-23,
02-08-23,"สุรีรัตน์ จิตมุ่ง",,ไวนิล,01198,1,250,250,-,-,"ขนาด 1.2*60 / ตอกตาไก่ 6 จุด",,แตงโม,อิ้งเจ็ท,แตงโม,ตา,N,02-08-23,
02-08-23,"Sala Samui Resort & Spa(เชิงมน)",H,"inroom safe",85913,500+500,5,5000,"signature 280 g","น 1 ดำ",-,,โอ๋,"Digital Print",โอ๋,ตา,O,02-08-23,
02-08-23,"Centara Reserve Samui",,ไวนิล,01271,1,2200,2200,-,-,"ขนาด 350*250 ซม เผื่อขอบ 10 ซม",,แตงโม,อิ้งเจ็ท,แตงโม,ตา,N,02-08-23,
02-08-23,"บ้านเมษปิติ บจก.(Poolsawas Res.)",H,ใบเสร็จรับเงิน/ใบกำกับภาษีอย่างย่อ,85506,50,60,3000,"ธรรมดา 3 ใบ ขาว-เขียว-ปรู๊ฟ","น 1 น้ำเงิน","ปรุหัว 2 ใบ No.2501-5000 ล.51-100 + เย็บ 50ใบ/ชุด",,โอ๋,"ตัด 5",เมฆ,ตา,O,02-08-23,
02-08-23,Seavallay,,NC,84058,600,3.50,2100,"อาร์ต 300g.","น 4 cmyk",-,,ปัด,"Digital Print",ปัด,ตา,N,02-08-23,
02-08-23,Hyatt,,"consesve card",85747,1000,3.40,3400,"RDV 270 g","น 1 เทา ล 1 เทา",-,,โอ๋,"ตัด 11",ศร,ตา,O,02-08-23,
02-08-23,"Sociatel Koh Samui",,"STK ติดพลาสวูด",01371,1,250,250,-,-,-,,แตงโม,อิ้งเจ็ท,แตงโม,ตา,N,02-08-23,
02-08-23,"Anantara Lawana Resort & Spa",H,"consultation card",85693,2000,1.50,3000,"การ์ดขาว 180g","น 1 ทอง ",-,,PL,GTO,ต้น,ตา,O,02-08-23,
02-08-23,"Chaweng Garden Beach Resort",H,"Your Personal",85350,100,68,6800,"เคมี 4 ใบ ขาว-เขียว-ฟ้า-เหลือง","น 1 ดำ","ปรุหัว 3 ใบ No.12501-17500 +เย็บ 50ใบ/ชุด",,PL,"ตัด 5",แบงค์,ตา,O,02-08-23,
02-08-23,"Baan Chaweng Beach Resort & Spa",H,"beverage order",85628,100,55,5500,"เคมี 3 ใบ ขาว-ชมพู-เขียว","น 1 น้ำเงิน","ปรุหัว 2 ใบ No.5001-10000 +เย็บ 50ใบ/ชุด",,PL,"ตัด 5",เมฆ,ตา,O,02-08-23,
02-08-23,"Thai House Beach Resort",H,"food order",85536,100,55,5500,"เคมี 3 ใบ ขาว-ชมพู-เหลือง","น 1 ดำ","ปรุหัว 2 ใบ No.7501-12500 +เย็บ 50ใบ/ชุด",,PL,"ตัด 5",แบงค์,ตา,O,02-08-23,
02-08-23,ตำรวจท่องเที่ยว,G,"ป้าย ชุมชนตะเกียน",01351,2+2,"250*2 / 500*2",1500,-,-,"1. ขนาด 60*120 ซม 2 ชิ้น / 2. แบบที่ 2  เพิ่ม 2 ชิ้น ",,โอ๋,อิ้งเจ็ท,โอ๋,ตา,N,02-08-23,
02-08-23,"Villa Kalyana",H,"STK ติดพลาสวูด",01347,19,"150*2 / 600*4 / 70*13",3610,-,-,"1. ขนาด 8*10 น 2 ชิ้น / 2. A1 4 แบบ 1 แผ่น รวม 4 แผ่น / 3.สี A3 ",,โอ๋,อิ้งเจ็ท,โอ๋,ตา,N,02-08-23,
02-08-23,K.แจง,,STK,01290,6,150,900,-,-,"ขนาด A2 ",,โอ๋,อิ้งเจ็ท,โอ๋,ตา,N,02-08-23,
02-08-23,สินธุ์,,STK,84086,10,50,500,pp-ด้าน,"น 4 cmyk",-,,แตงโม,"Digital Print",แตงโม,ตา,O+R,02-08-23,
03-08-23,"Melati Beach Resort & Spa",H,ที่รองแก้ว,85517,3000,2,6000,"ซับขาว 210 g","น 2 น้ำตาลอดง ดำ",ไดคัท,,PL,"ตัด 11",ศร,ตา,O,03-08-23,
03-08-23,Samahita,,"Menu ",84068,6,70,420,"อาร์ต 300g.","น 4 cmyk ล 4 cmyk",-,,แตงโม,"Digital Print",แตงโม,ตา,N,03-08-23,
03-08-23,"Anantara Bophut",H,"Personal safe",85859,200,15,3000,wove_B/W220g,"น 4 cmyk",ปัมพับ,,ปัด,"Digital Print",ปัด,ตา,O,03-08-23,
03-08-23,"Vana Belle A Luxury Collection Resort ",H,"envelope 5*7",85504,1500,4.50,6750,"ซองขาวแหลม 5*7  /4 ขาว","น 1 ดำ",-,,PL,"ตัด 11",ศร,ตา,O,03-08-23,
03-08-23,"Good Food Good Mood",,STK,85699,66,,5722,pp-matt,"น 4 cmyk",-,,แตงโม,"Digital Print",แตงโม,ตา,N,03-08-23,
03-08-23,"Paradise Beach Resort",H,NC,85329,500,4,2000,"brick 270 g","น 4 cmyk ล 4 cmyk","GM 50 / Reception 200 / K.Peter 250 ",,ปัด,"Digital Print",ปัด,ตา,O+R,03-08-23,
03-08-23,"The Ritz-Carlton",H,"inter transfer",85726,100,90,900,"เคมี 3 ใบ ขาว-ชมพู-เหลือง","น 1 ดำ","ปรุข้าง 2 ใบ No.5001-10000 ล.101-200 +เย็บ 50ใบ/ชุด",,PL,"ตัด 5",แบงค์,ตา,O,03-08-23,
03-08-23,"The Ritz-Carlton",H,"captain order",85725,100,55,5500,"เคมี 3 ใบ ขาว-ชมพู-ฟ้า","น 1 เทาเข้ม","ปรุหัว 2 ใบ No.82501-87500 ล.1651-1750 +เย็บ 50ใบ/ชุด",,PL,"ตัด 5",เมฆ,ตา,O,03-08-23,
03-08-23,นายช่างแก้ว,,บัตรควายชน,85261,500,16,800,"แบงค์ชมพู 70g","น 1 ดำ","ปรุข้าง 1 จุด ตีเลข 2 จุด 001-500 เข้าเล่ม 10ใบ/เล่ม",,แตงโม,บริการอื่นๆ,โรเนียว,ตา,N,03-08-23,
03-08-23,"Banyan Tree Samui",H,"Guest note pad",85745,2000,2,4000,"ปอนด์ 80g ","น 2 เทา เขียว",-,,PL,GTO,ต้น,ตา,O,03-08-23,
03-08-23,"Conrad Koh Samui",H,"hotel map",85602,2000,3.50,7000,"อาร์ต 157g.","น 4 cmyk ล 4 cmyk",พับ,,ปัด,GTO4,แอร์,ตา,O,03-08-23,
03-08-23,"Sea Sun Bangrak",,STK,85269,8,60,480,pp-ด้าน,"น 4 cmyk",ไดคัท,,โอ๋,"Digital Print",โอ๋,ตา,O,03-08-23,
03-08-23,"Silavadee Pool Spa Resort",H,"wiht out compliments",85753,500,8.60,4300,"pvc cream 210 g","น 1 เทา","เคลือบPVC ด้าน 2ด้าน + ไดคัท + บล๊อกเก่า + ติดเทปกาว",,โอ๋,"ตัด 11",ศร,ตา,N+R,03-08-23,
03-08-23,สมุยพงศ์เพชร,O,"STK ติดฟิวเจอร์บอร์ด",01362,1,100,100,-,-,-,,แตงโม,อิ้งเจ็ท,แตงโม,ตา,N,03-08-23,
03-08-23,"สมุยยนตรกิจ บจก.",O,ไวนิล,01346,2,"400 / 800",1200,-,-,"1. ขนาด 50*150 ซม  / 2. ขนาด 130*230 ซม ",,โอ๋,อิ้งเจ็ท,โอ๋,ตา,N,03-08-23,
03-08-23,คุณพ่อประยูร,,กำหนดการบำเพ็ญกุศล,01365,1,350,350,-,-,"ขนาด 80*120 ซม",,โอ๋,อิ้งเจ็ท,โอ๋,ตา,O,03-08-23,
03-08-23,"Four Seasons Resort",H,"STK ติดกล่องทิชชู่",85877,12,40,480,"pp matt","น 4 cmyk ล 4 cmyk",-,,โอ๋,"Digital Print",โอ๋,ตา,N,03-08-23,
03-08-23,"Kob Cafe ",,STK,85290,20,45,900,"pp matt","น 4 cmyk",ไดคัท,,แตงโม,"Digital Print",แตงโม,ตา,N,03-08-23,
03-08-23,"Sheraton Samui Resort",H,"Mini Bar",84065,100,8,800,"การ์ดขาว 180g","น 4 cmyk",-,,แตงโม,"Digital Print",แตงโม,ตา,N,03-08-23,
03-08-23,"Kamalaya Koh Samui",H,"wellness consultation card",85547,3000,2.40,7200,"rive tradition natural white 170g ขนาด 25*350 ซม","น 4 cmyk ล 4 cmyk",ตัด,,PL,GTO4,แอร์,ตา,O,03-08-23,
03-08-23,"Melati Beach Resort & Spa",H,NC,84077,200,5.50,1100,"อาร์ต 300g.","น 4 cmyk ล 4 cmyk","เคลือบPVC ด้าน 2ด้าน ",,ปัด,"Digital Print",ปัด,ตา,N,03-08-23,
03-08-23,"Sala Samui Resort & Spa(เฉวง)",H,"STK mini bar",85717,2100,0.50,1050,"stk ขาวมัน","น 1 เทา",ไดคัท,,ปัด,"ตัด 11",ปัด,ตา,O,03-08-23,
03-08-23,ครัวสมุย,R,"print สี",85270,80,25,2000,"อาร์ต 300g.","น 4 cmyk",-,,ปัด,"Digital Print",ปัด,ตา,N,03-08-23,
03-08-23,"Hansar Hotels & Resorts",H,ป้ายเมนูพาสวูด,01283,12,350,4200,-,-,"stk ติดพลาสวูด ขนาด A3",,ปัด,อิ้งเจ็ท,ปัด,ตา,,03-08-23,
03-08-23,กมลชนก,,portfolio,85268,1,,1110,"ปกอาร์ต 260g. / เนื้อใน อาร์ต 128g.","น 4 cmyk / น 4 cmyk ล 4 ","เคลือบมัน 2 ด้าน(เฉพาะปก) + เข้าเล่ม + เย็บมุมหลังคา",,ปัด,"Digital Print",ปัด,ตา,N,03-08-23,
03-08-23,สธ.30/33,,ไวนิล,01199,1,,1900,-,-,"ขนาด 150*350 ซม ",,โอ๋,อิ้งเจ็ท,โอ๋,ตา,N,03-08-23,
03-08-23,"Ice Taxi",,NC,85698,100,4.50,450,"อาร์ต 300g.","น 4 cmyk ล 4 cmyk",-,,แตงโม,"Digital Print",แตงโม,ตา,N,03-08-23,
03-08-23,"Anantara Lawana Resort & Spa",H,"service atteme",85683,200,6,1200,"การ์ดขาว 240g","น 4 cmyk",-,,ปัด,"Digital Print",ปัด,ตา,O,03-08-23,
04-08-23,"Holiday Inn Koh samui",,"STK kid station",01354,"1 ชุด","110*2 / 230 ",450,"stk pvc มัน",-,"ขนาด 40*42 ซม 2 ชิ้น / ขนาด 78*42 ซม 1 ชิ้น",,โอ๋,อิ้งเจ็ท,โอ๋,ตา,N,04-08-23,
04-08-23,"The Palm Bar And Grill",,"Menu ",85898,100,330,33000,"อาร์ต 300g.","น 4 cmyk ล 4 cmyk","เคลือบPVC ด้าน 2ด้าน เย็บมุมหลังคา ปั๊มพับ",,ปัด,MO4,ศร,ตา,O,04-08-23,
04-08-23,"BS Tour",,"brochue- 4พับ",84463,1000,7.20,7200,"อาร์ต 157g.","น 4 cmyk ล 4 cmyk","พับเครื่อง + ค่าออแบบ 1000",,ปัด,MO4,ศร+ต้น,ตา,N,04-08-23,
04-08-23,"Kimpton Kitalay Samui",,"Recieved and tax invoice",85661,20,115,2300,"เคมี 3 ใบ ขาว-เหลือง-เขียว","น 1 ดำ","ปรุข้าง 2 ใบ No.2001-3000 ล.41-60 +เย็บ 50ใบ/ชุด",,PL,"ตัด 5",แบงค์,ตา,O,04-08-23,
04-08-23,"Santiburi Beach Resort",H,"birthday card",84934,200,18.50,3700,"การ์ดขาว 240g","น 4 cmyk ล 4 cmyk",ปัมพับ,,ปัด,"Digital Print",ปัด,ตา,O,04-08-23,
04-08-23,"Samui Resotel  Beach Resort",H,ใบแจ้งซ่อม,85951,50,55,2750,"ธรรมดา 2 ใบ ขาว-ปรู๊ฟ","น 1 ดำ","ปรุข้าง 1ใบ No.001-2500 +เย็บ 50ใบ/ชุด",,โอ๋,"ตัด 5",เมฆ,ตา,O,04-08-23,
04-08-23,"Banana Fan Sea Resort",H,NC,85641,200,4.50,900,"brisk 250g","น 4 cmyk ล 4 cmyk",-,,ปัด,"Digital Print",ปัด,ตา,N,04-08-23,
04-08-23,"My Cafe's & Restaurant",,ที่รองขนม,84070,1000,2,2000,"กระดาษรองขนม 38g","น 1 เทา",-,,โอ๋,"ตัด 11",ต้น,ตา,O,04-08-23,
04-08-23,"Mo Real Estate",,NC,85613,100,7,700,"อาร์ต 300g.","น 4 cmyk ล 4 cmyk","เคลือบPVC ด้าน 2ด้าน + ตัดมุม 4 มุม ",,ปัด,"Digital Print",ปัด,ตา,N+R,04-08-23,
04-08-23,"Chi Samui",,ไวนิล,01345,4,3000,12000,-,-,"ขนาด 2.4*4.4 ซม 4 ชิ้น",,โอ๋,อิ้งเจ็ท,โอ๋,ตา,N,04-08-23,
04-08-23,"Samui Resotel  Beach Resort",H,"beverage order",85522,100,58,5800,"เคมี 3 ใบ ขาว-เขียว-เหลือง","น 1 ดำ","ปรุหัว 2 ใบ No.5001-10000 ล.101-200 +เย็บ 50ใบ/ชุด",,PL,"ตัด 5",แบงค์,ตา,O,04-08-23,
04-08-23,"Baan Chaweng Beach Resort & Spa",H,"drink order",85629,200,30,6000,"ธรรมดา 2 ใบ เขียว-ปรุ๊ฟ","น 1 ดำ","ปรุหัว 2 ใบ No.20001-30000 +เย็บ 50ใบ/ชุด",,PL,"ตัด 5",เมฆ,ตา,O,04-08-23,
04-08-23,"Baan Chaweng Beach Resort & Spa",H,"food order",85630,200,30,6000,"ธรรมดา 2 ใบ ชมพู-บรู๊ฟ","น 1 น้ำเงิน","ปรุหัว 2 ใบ No.10001-20000 +เย็บ 50ใบ/ชุด",,โอ๋,"ตัด 5",เมฆ,ตา,O+R,04-08-23,
04-08-23,Vanabell,,"inter transfer",85647,50,80,4000,"เคมี 3 ใบ ขาว-ชมพู-เหลือง","น 1 ดำ","ปรุข้าง 2 ใบ No.35001-37500 ล.701-750 +เย็บ 50ใบ/ชุด",,PL,"ตัด 5",เมฆ,ตา,O,04-08-23,
04-08-23,ครัวสมุย,R,STK,85532,50,45,4050,pp-เงา,"น 4 cmyk","6*4.25 ซม",,แตงโม,"Digital Print",แตงโม,ตา,N,04-08-23,
04-08-23,"Kupu Kupu Phangan",H,"Note Pad",85734,2000,0.90,1800,"ปอนด์ 80g ","น 1 ทอง ","ตัด ไม่เข้าเล่ม",,ปัด,"ตัด 11",ศร,ตา,O,04-08-23,
04-08-23,"Kupu Kupu Phangan",H,"envelope logo",84658,3000,2.70,8100,ซองขาวฝาแนบ,"น 2 ดำ-ทอง",-,,PL,"ตัด 11",ศร,ตา,O,04-08-23,
04-08-23,โรงพยาบาลวัฒนแพทย์,,"ใบปลิว 2 แบบ",85516,6000,2.50,15000,"อาร์ต 157g.","น 4 cmyk ล 4 cmyk","2 แบบ แบบละ 3000ใบ",,ปัด,MO4,ศร+แอร์,ตา,N,04-08-23,
04-08-23,"The Ritz-Carlton",H,"envelope ",84511,2000,7.50,15000,"ปอนด์ 100g ","น 2 ฟ้า-ดำ ล 1 ฟ้า","ไดคัท+บล็อคเก่า ประกอบติดกาว",,PL,GTO,ต้น,ตา,O,04-08-23,
04-08-23,"Fi Greek Resturant",R,STK,85273,12,60,720,pp-matt,"น 4 cmyk",-,,โอ๋,"Digital Print",โอ๋,ตา,N,04-08-23,
04-08-23,เพชรบัญชา,,ticket,85691,100,50,5000,"อาร์ต 115g.","น 4 cmyk","ปรุ 2 จุด ไม่ตีเลข + เข้าเล่ม 50 ใบ/เล่ม",,โอ๋,GTO4,แอร์,ตา,O,04-08-23,
04-08-23,k.หม่อง,,คูปอง,84067,500,278.20,1391,"แบงค์ชมพู 70g","น 1 ดำ","ปรุ 2 จุด 001- 5000 เข้าเล่ม 100 ใบ",,ปัด,"Digital Print",ปัด,ตา,N,04-08-23,
04-08-23,ร้านน้องหญิงผักสด,,ใบส่งของ,85346,50,95,4750,"เคมี 3 ใบ ขาว-เขียว-เหลือง","น 1 ดำ","ปรุหัว 2 ใบ No.15001-17500 ล.301-350 +เย็บ 50ใบ/ชุด",,PL,"ตัด 5",แบงค์,ตา,O,04-08-23,
04-08-23,"The Hive Hotel",,NC,85700,500,3.50,1750,"อาร์ต 300g.","น 4 cmyk ล 4 cmyk",-,,ปัด,"Digital Print",ปัด,ตา,N,04-08-23,
04-08-23,"Silavadee Pool Spa Resort",H,"Luggage Tag",84922,5000,1.75,8750,"edition 300 g","น 1 เทา ล1 เทา","No.0001-5000 เจาะรูกลาง ผูกเชือก",,โอ๋,GTO,ต้น,ตา,O,04-08-23,
04-08-23,"Half moon festival",,"Flyer ",84073,"A4 A3 และ P1",-,0,-,-,-,,ปัด,"Digital Print",ปัด,ตา,O,04-08-23,
04-08-23,"Samui Football Golf",O,"poster-A3  Map",85530,8,100,800,"อาร์ต 300g.","น 4 cmyk ล 4 cmyk",-,,โอ๋,"Digital Print",โอ๋,ตา,N,04-08-23,
04-08-23,"Chaweng Regent",H,ไวนิล,01266,,,1500,-,-,"ขนาด 45*150 ซม ",,แตงโม,อิ้งเจ็ท,โอ๋,ตา,N,04-08-23,
04-08-23,เพชรบัญชา,,"Cash Sale",85690,100,50,5000,"เคมี 3 ใบ ขาว-เขียว-ชมพู","น 1 ดำ","ปรุหัว 2 ใบ No.001-5000 ล. 01-100 +เย็บ 50ใบ/ชุด",,โอ๋,"ตัด 5",เมฆ,ตา,O,04-08-23,
04-08-23,"บางปอ รีสอร์ท",,"bill order",85679,20,85,1160,"ปอนด์ 55g ","น 1 น้ำเงิน","เล่มที่ 01-20 เย็บเล่ม 100 ใบ/เล่ม",,ปัด,"ตัด 5",เมฆ,ตา,N,04-08-23,
07-08-23,"The Cocoon Black Rabbit",,"Menu ",85281,40,60,2400,"rive tradition creem 220g","น 1 ดำ ล 1 ดำ",เคลือบแข็ง,,ปัด,"Digital Print",ปัด,ตา,N,07-08-23,
07-08-23,เชิงมนต์แฟมมิลี,,ใบเสร็จรับเงิน/ใบกำกับภาษี,84935,20,95,1900,"ธรรมดา 2 ใบ ขาว-ปรู๊ฟ","น 1 น้ำเงิน","ปรุหัว 1 ใบ No.001-1000 ล.01-20 +เย็บ 50ใบ/ชุด",,โอ๋,"ตัด 5",โอ๋,ตา,N,07-08-23,
07-08-23,"Chill Inn",R,"Menu ",84076,20,230,4600,"อาร์ต 300g.","น 4 cmyk ล 4 cmyk","เคลือบPVC ด้าน 2ด้าน เย็บมุมหลังคา",,โอ๋,"Digital Print",โอ๋,ตา,O+R,07-08-23,
07-08-23,"Hansar Hotels & Resorts",H,ไวนิล,01272,1,,250,-,-,"ขนาด 56*76 ซม / ไมตอกตาไก่ เปลือขอบ 3 ซม / ไม่พับ",,แตงโม,อิ้งเจ็ท,แตงโม,ตา,N,07-08-23,
07-08-23,เล็กโภชนา,R,"Menu ",85784,6,280,1680,"อาร์ต 300g.","น 4 cmyk ล 4 cmyk",เคลือบแข็ง+เจาะรู+ใส่ห่วงเหล็ก,,ปัด,"Digital Print",ปัด,ตา,O,07-08-23,
07-08-23,"Bandara Resort & Spa Samui",H,ไวนิล,01289,3,"400*2 / 500",1300,-,-,"ขนาด 120*160 ซม 2ชิ้น เจาะตาไก่ 4 มุม 1 หน้า  / ขนาด 1*150 ซม 1ช",,โอ๋,อิ้งเจ็ท,โอ๋,ตา,N,07-08-23,
07-08-23,เทศบาลนครเกาะสมุย,G,ประกาศนียบัตร,85275,100,35,3500,"อาร์ต 300g.","น 4 cmyk",-,,ปัด,"Digital Print",ปัด,ตา,N,07-08-23,
07-08-23,"Anantara Lawana Resort & Spa",H,"STK kombucha",85298,4,70,280,"stk ใส","น 4 cmyk",-,,ปัด,"Digital Print",ปัด,ตา,N,07-08-23,
07-08-23,โรงพยาบาลกรุงเทพ,,brochure-3พับ,85299,200,22,4400,"อาร์ต 260g.","น 4 cmyk ล 4 cmyk",ปัมพับ,,แตงโม,"Digital Print",แตงโม,ตา,N,07-08-23,
07-08-23,"Thai House Beach Resort",H,"beverage order",85537,100,55,5500,"เคมี 3 ใบ ขาว-ชมพู-เหลือง","น 1 ดำ","ปรุหัว 2 ใบ No.12501-17500 +เย็บ 50ใบ/ชุด",,โอ๋,"ตัด 5",แบงค์,ตา,O,07-08-23,
07-08-23,"Oolong Tea With San Bao",O,"หนังสือชงชา ",85667,100,,0,"อาร์ต 300g.","ปก น/ล 4/4 CMYK / เนื้อใ","เย็บมุมหลังคา ปก แบบละ 50 2 แบบ / เนื้อในเหมือนกัน",,โอ๋,"Digital Print",โอ๋,ตา,O,07-08-23,
07-08-23,ครัวสมุย,R,STK,01374,11,,13200,-,-,-,,โอ๋,อิ้งเจ็ท,โอ๋,ตา,N,07-08-23,
07-08-23,"Coconut Beach Resort & Spa",,ไวนิล,01298,4,200,800,-,-,"ขนาด 80*80 ซม 4 ชิ้น แบบละ 2 หน้า + เจาะตาไก่ 4 มุม",,ปัด,อิ้งเจ็ท,ปัด,ตา,N,07-08-23,
07-08-23,"boa bar",,"STK ติดประตูพับ",01177,2,300,600,-,-,"ขนาด 53*100 ซม 2ชิ้น ",,โอ๋,อิ้งเจ็ท,โอ๋,ตา,N,07-08-23,
07-08-23,"boa bar (H&J)",,"Rental agreement",85883,"1 รีม",,550,"ปอนด์ 80g ","น 1 ดำ",โรเนียว,,โอ๋,บริการอื่นๆ,โรเนียว,ตา,O,07-08-23,
07-08-23,GIB,,"STK logo",01329,1,650,650,-,-,"ขนาด 10*20 ซม เคลือบมัน 1 ตารางเมตร (50ดวง)",,โอ๋,อิ้งเจ็ท,โอ๋,ตา,N,07-08-23,
07-08-23,"บริษัท เจ้านาย เจ็ทสกี จำกัด",,"ตรายางหมึกใน สีน้ำเงิน ชื่อบริษัท",1700,2,450,900,-,-,"ตรายางหมึกในขนาด 4 ซม สีน้ำเงิน ชื่อบริษัท",,แตงโม,บริการอื่นๆ,แตงโม,ตา,O,07-08-23,
07-08-23,"Centara Reserve Samui",,"inter transfer",85625,50,50,5000,"เคมี 3 ใบ ขาว-เหลือง-ฟ้า","น 1 น้ำเงิน","ปรุข้าง 2 ใบ No.7501-10000 +เย็บ 50ใบ/ชุด",,PL,"ตัด 5",เมฆ,ตา,O,07-08-23,
07-08-23,"Muang Samui Spa Resort ",,"miscellaneous ",85692,50,90,4500,"ธรรมดา 3 ใบ ขาว-ฟ้า-ปรุ็ฟ","น 1 ดำ","ปรุข้าง 2 ใบ No.15001-17500 ล. 301-350 +เย็บ 50ใบ/ชุด",,PL,"ตัด 5",แบงค์,ตา,O,07-08-23,
07-08-23,"Royal Muang Samui Villas ",H,"miscellaneous ",85731,50,90,4500,"ธรรมดา 3 ใบ ขาว-ฟ้า-ปรุ็ฟ","น 1 ดำ","ปรุข้าง 2 ใบ No.10001-12500 ล.201-250 + เย็บ 50ใบ/ชุด",,โอ๋,"ตัด 5",แบงค์,ตา,O,07-08-23,
07-08-23,"Four Seasons Resort",H,"stk 7 วัน 7 สี",85283,8000,"0.50*7000 / 1*1000",4500,pp-ด้าน,"น 4 cmyk",-,,ปัด,"Digital Print",ปัด,ตา,O,07-08-23,
08-08-23,Vanabell,,การ์ดกาลาแม,85361,200,8,1600,"อาร์ต 300g. ขนาด 7*13 ซม","น 4 cmyk","2 แบบ แบบละ 100 ใบ",,โอ๋,"Digital Print",แตงโม,ตา,N,08-08-23,
08-08-23,"The Ritz-Carlton",H,"inter transfer",85277,50,100,5000,"เคมี 3 ขาว-ชมพู-เหลือง","น 1 ดำ","ปรุข้าง 2 ใบ No.5001-7500 ล.101-150 +เย็บ 50ใบ/ชุด",,PL,"ตัด 5",เมฆ,ตา,O,08-08-23,
08-08-23,"Melati Beach Resort & Spa",H,"rebate credit",85323,50,90,4500,"เคมี 4 ใบ ขาว-เหลือง-ชมพู-ฟ้า","น 1 น้ำตาล","ปรุข้าง 3 ใบ No.5001-7500 ล.101-150 +เย็บ 50ใบ/ชุด",,โอ๋,"ตัด 5",แบงค์,ตา,N,08-08-23,
08-08-23,"Anantara Bophut",H,"spa sanctuary",01370,1,500,500,photo,"น 4 cmyk","ขนาด 75*100 ซม",,แตงโม,อิ้งเจ็ท,ต้อม,ตา,N,08-08-23,
08-08-23,"Hansar Hotels & Resorts",H,"Luggage Tag",85621,5000,2.70,13500,"การ์ดขาว 180g","น 2 เขียวอมฟ้า-ดำ ล 2  เ","ตีเลข 0001 - 5000 + เจาะรู + ผูกเชือก",,PL,GTO,ต้น,ตา,O,08-08-23,
08-08-23,"Sala Samui Resort & Spa(เฉวง)",H,"Luggage Tag",85720,5000,1.85,9250,"การ์ดขาว 240g","น 1 เทา ล1 เทา","ปรุ 1 จุด/ ตีเลข 2 จุด 15901-20900 /  + เจาะรู ปรุ 1 จุด ตีเลข 2",,PL,GTO,ต้น,ตา,O,08-08-23,
08-08-23,Hyatt,,"spa ",01369,4,"250*3 / 650",1400,"photo and stk passwood","น 4 cmyk","stk ติดพลาสวูด 1 ชิ้น / photo A2 3 ชิ้น",,โอ๋,อิ้งเจ็ท,โอ๋,ตา,N,08-08-23,
08-08-23,session,,ticket,84075,5000,1.36,6800,"อาร์ต 115g.","น 4 cmyk","ผ่า 2 ดวง + ปรุ 2 จุด + No.3 จุด + เย็บเล่ม 50 ใบ/เล่ม",,แตงโม,"Digital Print",แอร์,ตา,N,08-08-23,
08-08-23,"Melati Beach Resort & Spa",H,"Luggage Tag",85327,10000,2,20000,"อาร์ต 300g.","น 2 น้ำตาล-ดำ ล 1 ดำ","เจาะรูตรงกลาง+ผูกเชือก+รัน No.001-10000",,PL,GTO,ต้น,ตา,O,08-08-23,
08-08-23,"plunk tone cafe",,"STK logo",85202,11,60,660,pp-matt,"น 4 cmyk",-,,ปัด,"Digital Print",ปัด,ตา,N,08-08-23,
08-08-23,"Centara Reserve Samui",,"miscellaneous ",85624,50,105,5250,"เคมี 3 ใบ ขาว-ชมพู-ฟ้า","น 1 น้ำเงิน","ปรุข้าง 2 ใบ No.7501-10000 +เย็บ 50ใบ/ชุด",,PL,"ตัด 5",เมฆ,ตา,O,08-08-23,
08-08-23,"plunk tone cafe",,"Flyer ",85279,2500,"1000*4.50 / 1500*3.34 ",9510,"อาร์ต 157g.","น 4 cmyk","A5 1000 ชิ้น / A6 1500 ชิ้น",,ปัด,GTO4,แอร์,ตา,O,08-08-23,
08-08-23,K.เอ๋,,"STK ติดโฟม",01451,12,"250 / 100 / 60*10",950,"stk ",-,"A2 1 ชิ้น / A4 1 ชิ้น / A3 10 ชิ้น",,โอ๋,อิ้งเจ็ท,โอ๋,ตา,N,08-08-23,
08-08-23,"plunk tone cafe",,"Flyer -A5",85201,100,35,3500,"อาร์ต 260g.","น 4 cmyk",-,,ปัด,"Digital Print",ปัด,ตา,N,08-08-23,
08-08-23,"Luxury Asia Lifestyles",H,"feedback form ",85730,1000,0.70,700,"ปอนด์ 80g ","น 1 ดำ",โรเนียว,,แตงโม,บริการอื่นๆ,โรเนียว,ตา,O,08-08-23,
08-08-23,"Kimpton Kitalay Samui",,"Remittance book",85682,50,80,4000,"ปอนด์ 80g ","น 1 ดำ","เย็บ 50 ใบ/ชุด",,PL,"ตัด 5",แบงค์,ตา,O,08-08-23,
08-08-23,"Shasa Resort",H,"STK logo",85280,980,1,980,"stk ขาวมัน","น 4 cmyk",ไดคัท,,โอ๋,"Digital Print",โอ๋,ตา,O,08-08-23,
09-08-23,Vanabell,,"miscellaneous ",85648,50,90,4500,"ธรรมดา 3 ใบ ขาว-ชมพู-บรุ๊ฟ","น 1 ดำ","ปรุข้าง 2 ใบ No.45001-47500 + เย็บ 50ใบ/ชุด",,PL,"ตัด 5",เมฆ,ตา,O,09-08-23,
09-08-23,"Wind field",,"folder ",85539,300,27,8100,"อาร์ตแก้ว 250 g","น 1 น้ำเงิน",ไดคัท+บล็อคเก่า,,PL,MO,ต้น,ตา,O,09-08-23,
09-08-23,"สมุยเพียววอเตอร์ บจก.",O,"ใบส่งของ B2 ",85512,50,55,2750,"เคมี 2 ใบ ขาว-เหลือง","น 1 น้ำเงิน","ปรุหัว 2 ใบ No.5001-7500 ล.101-250 + เย็บ 50ใบ/ชุด",,โอ๋,"ตัด 5",เมฆ,ตา,O,09-08-23,
09-08-23,Intercontinental,H,"photo paper",01376,2,250,500,photo,"น 4 cmyk","ขนาด A2 2 แบบ",,โอ๋,อิ้งเจ็ท,โอ๋,ตา,O,09-08-23,
09-08-23,"About Cafe",O,STK,85286,20,50,1000,pp-ด้าน,"น 1 ดำ",-,,แตงโม,"Digital Print",โอ๋,ตา,O,09-08-23,
09-08-23,"Conrad Koh Samui",H,"Spa Client Life Style A4",85609,2000,2.10,4200,"ปอนด์ขาว 100g ","น 2 ทอง เทา","มีทั้งหมด 4 ภาษา ภาษาละ 500 ใบ ",,"ปัด new PL",MO,ต้น,ตา,O,09-08-23,
09-08-23,"Sanook Tuor & Travel ",,voucher,85672,20,110,2200,"เคมี 3 ใบ ขาว-ฟ้า-ชมพู","น 1 ดำ","ปรุข้าง 2 ใบ No.0001-1000 ล.01-20 + เย็บ 50ใบ/ชุด",,ปัด,"ตัด 5",เมฆ,ตา,O,09-08-23,
09-08-23,"Dog And Cat Rescue Samui",O,ใบเสร็จรับเงิน,85304,50,60,3000,"เคมี 2 ใบ ขาว-เหลือง","น 1 น้ำเงิน","ปรุข้าง 1ใบ No.27501-30000 +เย็บ 50ใบ/ชุด",,PL,"ตัด 5",เมฆ,ตา,O,09-08-23,
09-08-23,"Radio Samui",,"STK 7*7",85235,10,70,700,pp-matt,"น 4 cmyk",ไดคัท,,แตงโม,"Digital Print",แตงโม,ตา,N,09-08-23,
09-08-23,"Complete Engineering",O,NC,85285,200,4,800,"อาร์ต 300g.","น 4 cmyk ล 4 cmyk",-,,ปัด,"Digital Print",ปัด,ตา,O,09-08-23,
09-08-23,"Sirocco Handcrafted Jewelry",,card,84089,2000,2.40,7800,"อาร์ต 300g.","น 4 cmyk",-,,ปัด,"Digital Print",ปัด,ตา,O,09-08-23,
09-08-23,"Elephant Kingdom",,กระดาษรองถุงของที่ระลึก,85226,500,3.50,1750,"การ์ด 230 g","น 1 ดำ",-,,แตงโม,"Digital Print",แตงโม,ตา,N,09-08-23,
10-08-23,K.นานา,,STK,84100,8,70,560,pp-ด้าน,"น 4 cmyk",-,,แตงโม,"Digital Print",แตงโม,ตา,N,10-08-23,
10-08-23,"The Ritz-Carlton",H,"Arivat Baggage",85674,1000,14.50,14500,"card 240","น 1 ดำ ล 1 ดำ","ปรุ 1 จุด +เจาะรู+ตอกตาไก่+ผูกเชือก+ตีเลข 2 จุด No.0001-1000",,PL,GTO,ต้น,ตา,O,10-08-23,
10-08-23,"ฮักสมุย (Hug Samui)",R,STK,85366,2,70,140,"stk ใส","น 4 cmyk",-,,ปัด,"Digital Print",ปัด,ตา,N,10-08-23,
10-08-23,"Overlap Stone ",,ticket,85266,200,42.80,8560,"แบงค์ฟ้า 70 g","น 1 ดำ","เข้าเล่น 100  เล่ม No.20001-40000 ล.201-400 ปรุ 2 จุด ตีเลข 2 จุ",,PL,"ตัด 5",แบงค์,ตา,O,10-08-23,
10-08-23,"Tui Blue",,"Key Card Folder",85706,2000,4.50,9000,"อาร์ต 260g.","น 2 แดง น้ำ ล 1 น้ำเงิน",ไดคัท+บล็อคใหม่+ประกอบติดกาว,,แตงโม,GTO,ต้น,ตา,N,10-08-23,
10-08-23,Saii,,"laggage tag",84054,500,2.80,1400,"การ์ดขาว 120g","น 4 cmyk",ตัดมุม+เจาะรู+ผูกเชือกเล็ก,,ปัด,"Digital Print",ปัด,ตา,O,10-08-23,
10-08-23,"Amari Koh Samui",H,poster-A2,01291,10,250,2500,photo,"น 4 cmyk","10 A2",,แตงโม,อิ้งเจ็ท,โอ๋,ตา,N,10-08-23,
10-08-23,"GP การาจ",O,ใบเสร็จรับเงิน/ใบกำกับภาษี,84088,20,180,3600,"เคมี 3 ใบ ขาว-ชมพู-ฟ้า","น 1 น้ำเงิน","ปรุหัว 2 ใบ No.6001-7000 ล.120-140 + เย็บ 50ใบ/ชุด",,โอ๋,"ตัด 5",แบงค์,ตา,O,10-08-23,
10-08-23,"Coco Tam's",R,"STK ติดพลาสวูด",01169,100,80,8000,stk,-,"ขนาด 8.5*15 ซม 100 ใบ",,โอ๋,อิ้งเจ็ท,โอ๋,ตา,N,10-08-23,
10-08-23,"Easy Kart",O,"photo paper",01358,20,160,3200,photo,"น 4 cmyk","A2 10 แผ่น ",,โอ๋,อิ้งเจ็ท,โอ๋,ตา,N,10-08-23,
10-08-23,"Easy Kart",O,"discunt card",85264,1000,2.50,2500,"อาร์ต 300g.","น 4 cmyk ล 4 cmyk",-,,โอ๋,"Digital Print",โอ๋,ตา,O,10-08-23,
10-08-23,k.หม่อง,,ticket,85362,500,2.78,1391,"แบงค์ฟ้า 70 g","น 1 ดำ","ปรุ 2 ที่  No.001-500 +เย็บ 10ใบ/ชุด",,ปัด,"Digital Print",ปัด,ตา,O,09-11-23,
10-08-23,Mavaleina,,"STK logo",01349,10,"100*4 / 120*6",1120,"Sticker ","น 4 cmyk","STK 4 ชิ้น / เข้าเล่ม 6 เล่ม ",,โอ๋,อิ้งเจ็ท,โอ๋,ตา,N,10-08-23,
10-08-23,"Radio Samui",,ไวนิล,01348,5,200,1000,-,-,"ไวนิล ขนาด 50*100 ซม 5 ชิ้น",,โอ๋,อิ้งเจ็ท,โอ๋,ตา,N,10-08-23,
10-08-23,"Rocky's Boutique Resort",H,Receipt,85656,100,55,5500,"เคมี 2 ใบ ขาว-เหลือง","น 1 น้ำเงิน","ปรุหัว 2 ใบ No.72501-77500 ล.1451-1550 + เย็บ 50ใบ/ชุด",,PL,"ตัด 5",แบงค์,ตา,O,10-08-23,
11-08-23,"Kimpton Kitalay Samui",,"food label",85220,2000,0.65,1300,pp-matt,"น 4 cmyk",-,,โอ๋,"Digital Print",โอ๋,ตา,N,11-08-23,
11-08-23,"Kimpton Kitalay Samui",,"food label",85249,500,0.65,325,"pp matt","น 4 cmyk",-,,โอ๋,"Digital Print",โอ๋,ตา,N,11-08-23,
11-08-23,"Bophut Resort & Spa",H,"wiht out compliments",85411,1000,7,7000,"pop set cream 240 g","น 1 น้ำตาล ล 1 น้ำตาล",ปั๊มพับ,,โอ๋,GTO,ต้น,ตา,O,11-08-23,
11-08-23,"Bophut Resort & Spa",H,"we care brochure",85410,1000,2.30,2300,"แบงค์ครีม 100g.","น 1 น้ำตาล ล 1 น้ำตาล",พับ,,โอ๋,GTO,ต้น,ตา,O,11-08-23,
11-08-23,"Silavadee Pool Spa Resort",H,ไวนิล,01455,2,250,500,-,"น 4 cmyk","ขนาด 50.5*70.5 ซม / SPA 1 ชิ้น / FB 1 ชิ้น",,โอ๋,อิ้งเจ็ท,โอ๋,ตา,N,11-08-23,
11-08-23,"สมุย เอลลิแฟนท์ แซงชัวร์ บ.",O,ใบเสร็จรับเงิน/ใบกำกับภาษี,85295,20,-,0,"เคมี 4 ใบ ขาว-ฟ้า-เหลือง-เขียว","น 1 ดำ","ปรุหัว 3 ใบ No.3501-4500 ล.71-90 +เย็บ 50ใบ/ชุด (งานซ่อม)",,PL,"ตัด 5",แบงค์,ตา,O,11-08-23,
11-08-23,"Coral Cliff Beach Resort",H,"Key Card Folder",85816,2000,3.40,6800,"อาร์ต 260g.","น 2 น้ำเงิน ทอง",ไดคัท+บล็อคเก่า+ติดเทปกาว,,PL,GTO,ต้น,ตา,O,11-08-23,
11-08-23,"Win Hotel",H,ใบเสร็จรับเงิน/ใบกำกับภาษี,85234,20,85,1700,"ธรรมดา 2 ใบ ขาว-ปรู๊ฟ","น 1 ดำ","ปรุหัว 1 ใบ No.1001-2000 ล.21-40 +เย็บ 50ใบ/ชุด",,PL,"ตัด 5",เมฆ,ตา,O,11-08-23,
11-08-23,"What's Cup",O,"Note Pad",85354,200,35,7000,"ปก อาร์ต 300g. / เนื้อใน แบงค์ครีม 100 g","น 1 ดำ","เข้าเล่ม 50 ใบ/เล่ม + เจาะรู + ใส่ห่วงขาวแบบเปิดห่วง",,ปัด,"Digital Print",ปัด,ตา,O,11-08-23,
15-08-23,"Silavadee Pool Spa Resort",H,"STK turn down",85396,600,0.55,330,pp-ด้าน,"น 4 cmyk",-,,โอ๋,"Digital Print",โอ๋,ตา,O,15-08-23,
15-08-23,"Lamai Wanta Beach Resort",H,"STK ติดเซฟ",01364,14,70,980,"stk ใส","น 4 cmyk",-,,แตงโม,อิ้งเจ็ท,แตงโม,ตา,N,15-08-23,
15-08-23,Hyatt,,"STK ติดพลาสวูด",01372,1,650,650,"Sticker ","น 4 cmyk",-,,แตงโม,อิ้งเจ็ท,โอ๋,ตา,N,15-08-23,
15-08-23,"The Ritz-Carlton",H,"room service tray",85257,2000,3.80,7600,"card 240","น 1 ดำ","ปัมพับ 4 จุด + ติดเทปกาว + ",,โอ๋,"ตัด 11",แอร์,ตา,O,15-08-23,
15-08-23,"Half Moon Festival",,"ใบปลิว ",84169,2100,,10500,"อาร์ต 157g.","น 4 cmyk",-,,ปัด,MO4,ปัด,ตา,N,15-08-23,
15-08-23,คุณอัฉรา,,"การ์ดแต่งงาน ",84109,300,8,2400,"brick 270 g","น 4 cmyk ล 4 cmyk",-,,ปัด,"Digital Print",ปัด,ตา,N,15-08-23,
15-08-23,"Hansar Hotels & Resorts",H,"complimontary card ",85603,1000,2.50,2500,"การ์ดขาว 180g","น 4 cmyk",-,,ปัด,"Digital Print",ปัด,ตา,N,15-08-23,
15-08-23,"Melati Beach Resort & Spa",H,"Menu ",84080,10,470,4700,"อาร์ต 260g.","น 4 cmyk ล 4 cmyk","เจาะรู + พับ + ใส่เล่มลูกค้า",,ปัด,"Digital Print",ปัด,ตา,O+R,15-08-23,
15-08-23,maraleina,,book,84171,50,235,11750,"ปก อาร์ต 210g. / เนื้อใน ปอนด์ 100 g","น 4 cmyk ล 4 cmyk",สันกาวติดปก,,โอ๋,"Digital Print",โอ๋,ตา,N,15-08-23,
15-08-23,"Mimi Testy",O,card,84172,250,7,1750,"brick 270 g","น 4 cmyk","30แบบ แบบละ 50 ใบ",,แตงโม,"Digital Print",แตงโม,ตา,N,15-08-23,
15-08-23,"Samui Look",TR,"โปรชัวร์ 3 พับ",85364,1000,5,5000,"อาร์ต 157g.","น 4 cmyk ล 4 cmyk",-,,ปัด,GTO4,แอร์,ตา,N,15-08-23,
16-08-23,ชมรมบริหารงานบุคคลสมุย,O,ใบเสร็จรับเงิน,85274,20,75,1500,"เคมี 2 ใบ ขาว-ฟ้า","น 1 น้ำเงิน","ปรุข้าง 1 ใบ No.001-1000 ล.01-20 + เย็บ 50ใบ/ชุด",,โอ๋,"ตัด 5",เมฆ,ตา,O,16-08-23,
16-08-23,"Samui Verticolor",H,"food order",85649,100,60,6000,"เคมี 3 ใบ ขาว-เขียว-ชมพู","น 1 ดำ","ปรุหัว 2 ใบ No.001-5000 ล.01-100 + เย็บ 50 ใบ/ชุด",,โอ๋,"ตัด 5",แบงค์,ตา,O,16-08-23,
16-08-23,Rocky,,"menu drink",01123,10,350,3500,"stk ขาวมัน","น 4 cmyk ล 4 cmyk","A3 10 ชุด + ติดพาสวูด 3 ซม + เคลือบด้าน",,โอ๋,อิ้งเจ็ท,โอ๋,ตา,N,16-08-23,
16-08-23,"Amari Koh Samui",H,STK,85310,25000,0.42,10500,pp-ด้าน,"น 4 cmyk","3 PO",,โอ๋,"Digital Print",โอ๋,ตา,O,16-08-23,
16-08-23,"Le Murraya (แหลมดิน)",H,"captain order",85943,200,53,10600,"เคมี 3 ใบ ขาว-ฟ้า-เขียว","น 1 ดำ","ปรุหัว 2 ใบ No.5001-15000 ล.101-300 + เย็บ 50ใบ/ชุด",,PL,"ตัด 5",แบงค์,ตา,O,16-08-23,
16-08-23,"Explora Koh Samui",,"menu A3",84105,30,"65*15 / 80*15",2175,"อาร์ต 300g.","น 4 cmyk ล 4 cmyk","เคลือบ 15 ไม่เคลือบ 15",,ปัด,"Digital Print",ปัด,ตา,N,16-08-23,
16-08-23,"Explora Koh Samui",,"Menu ",84118,30,65,1950,"อาร์ต 300g.","น 4 cmyk ล 4 cmyk",-,,ปัด,"Digital Print",ปัด,ตา,N,16-08-23,
16-08-23,"ฺBlooming Gallery",,"photo paper",01453,1,400,400,photo,"น 4 cmyk","ขนาด 61*91 ซม ",,โอ๋,อิ้งเจ็ท,โอ๋,ตา,N,16-08-23,
16-08-23,Shade,,"STK และ Photo paper",01452,7,"700 / 400 / 250*5",2350,"photo and stk ","น 4 cmyk","STK ขาว 1 / STK ตู้เย็น 1 / Photo paper 5 แบบ แบบละ 1 A2",,โอ๋,อิ้งเจ็ท,โอ๋,ตา,N,16-08-23,
16-08-23,"Samui Carvings",O,NC,84095,500,3.50,1750,"sartinmatt 300 g","น 4 cmyk ล 4 cmyk",-,,ปัด,"Digital Print",ปัด,ตา,O,16-08-23,
16-08-23,"Radio Samui",,"photo paper",84161,2,400,800,photo,"น 4 cmyk","ขนาด 60*90 ซม ",,โอ๋,อิ้งเจ็ท,โอ๋,ตา,O,16-08-23,
16-08-23," go by grory",,NC,85934,300,4.50,1350,"อาร์ต 180g.","น 4 cmyk ล 4 cmyk",-,,ปัด,"Digital Print",ปัด,ตา,O,16-08-23,
16-08-23,"My Samui Island",TR,โบรชัวร์เกาะเต่า-นางยวน,85544,10000,"ราคารวมVAT 7%",19795,"อาร์ต 157g.","น 4 cmyk ล 4 cmyk",พับ,,ปัด,MO4,ศร+แอร์,ตา,O+R,16-08-23,
16-08-23," go by grory",,"general service voucher",85696,20,90,1800,"เคมี 3 ใบ ขาว-ชมพู-เหลือง","น 1 ดำ","ปรุข้าง 2 ใบ No.2001-3000 ล.41-60 + เย็บ 50 ใบ/ชุด",,โอ๋,"ตัด 5",แบงค์,ตา,O,16-08-23,
16-08-23,"Four Seasons Resort",H,NC,85291,200,2.5,500,กระดาษลูกค้า,"น 1 ดำ",-,,โอ๋,"Digital Print",โอ๋,ตา,O,17-08-23,
17-08-23,"Anantara Bophut",H,NC,85207,100,5,500,wove_B/W220g,"น 4 cmyk ล 4 cmyk",-,,ปัด,"Digital Print",ปัด,ตา,O,17-08-23,
17-08-23,Chomtalay,,"Menu ",85931,6,,4025,"อาร์ต 300g.","น 4 cmyk ล 4 cmyk",-,,โอ๋,"Digital Print",โอ๋,ตา,N,20-12-23,
17-08-23,Nida,,"post casd",85358,300,9.50,2850,"brick granite 290 g","น 4 cmyk ล 4 cmyk","ขนาด 5.14 ซม มี 6 แบบ",,ปัด,"Digital Print",ปัด,ตา,N,17-08-23,
17-08-23,Nida,,STK,85353,600,2.50,1500,pp-ด้าน,"น 4 cmyk","ขนาด 5.5 ซม มี 20 แบบ แบบละ 30ชิ้น (1แบบ ใช้ 1 A3)",,ปัด,"Digital Print",ปัด,ตา,N,17-08-23,
17-08-23,Nida,,ซองใส่การ์ด,85352,600,6,3600,"ปอนด์ 100 g 24*35","น 1 ดำ","แพ็คSTK มส่ซองปิดฝา 600 ซอง / ไดคัท + บล็อคใหม่ + ทากาว + ประกอบ",,ปัด,"ตัด 11",ศร,ตา,O,17-08-23,
17-08-23,"Holiday Inn Koh samui",,"menu drink",85885,50,240,12000,"อาร์ต 300g.","น 4 cmyk ล 4 cmyk","เย็บมุมหลังคา/เคลือบPVC 2ด้าน/ปั๊มพับ",,ปัด,"Digital Print",ปัด,ตา,N,17-08-23,
18-08-23,"ติณ์ณภัทร การช่าง",,NC,85218,100,4.50,450,"การ์ดขาว 240g","น 4 cmyk ล 4 cmyk",-,,แตงโม,"Digital Print",แตงโม,ตา,N,18-08-23,
18-08-23,"Chaweng Villawee",R,"Menu ",85459,5,130,650,"อาร์ต 300g.","น 4 cmyk ล 4 cmyk","พับ 3 + เคลือบPVC 2 ด้าน ",,โอ๋,"Digital Print",แบงค์,ตา,O,18-08-23,
18-08-23,"Conrad Koh Samui",H,STK,85397,"35 A3",70,2450,"Sticker คราฟ ","น 4 cmyk",-,,ปัด,"Digital Print",ปัด,ตา,O,18-08-23,
18-08-23,"Garrya Tongsai Bay samui",,NC,84379,2700,2.50,6750,"brick 270 g","น 4 cmyk ล 4 cmyk","27 ชื่อ",,ปัด,"Digital Print",ปัด,ตา,O+R,18-08-23,
18-08-23,"Punnpreeda Beach Resort",H,NC,84103,100,"4*100 / 150 ",550,"อาร์ต 300g.","น 4 cmyk","ปริ้น STK PPด้าน 1แผ่น 150 บาท ",,ปัด,"Digital Print",ปัด,ตา,N,18-08-23,
18-08-23,"Halfmoon Festival",R,"ใบปลิว P1",85374,4000,1.35,5400,"อาร์ต 157g.","น 4 cmyk ล 4 cmyk",-,,ปัด,GTO4,แอร์,ตา,N,18-08-23,
18-08-23,"The Cork",,NC,85238,50,4.50,225,"อาร์ต 300g.","น 1 ดำ",-,,ปัด,"Digital Print",ปัด,ตา,N,18-08-23,
18-08-23,"The Cork",,"Menu ",85237,10,"30*10 / 4.5*50",525,"pvc cream 210 g","น 1 ดำ ล 1 ดำ","เคลือบPVC ด้าน 2ด้าน / NC 50 ใบ ใบล่ะ 4.5 บาท ",,ปัด,"Digital Print",ปัด,ตา,N,18-08-23,
18-08-23,"The Ritz-Carlton",H,NC,85932,200,4.50,900,"กระดาษตีพื้นฟ้า 240g","น 2 ฟ้า-ดำ  ล 2 ฟ้า-ดำ",-,,ปัด,"Digital Print",ปัด,ตา,O,18-08-23,
18-08-23,"Explora Koh Samui",,"envelope window",85430,1000,4.50,4500,"ซองหน้าต่าง ฝาขนาน","น 2 ดำ น้ำเงิน",-,,ปัด,"ตัด 11",ศร,ตา,O,18-08-23,
18-08-23,"Melia Koh Samui Beach Resort",H,NC,84085,200,4.50,900,"อาร์ต 300g.","น 4 cmyk ล 4 cmyk","เคลือบPVC ด้าน 2ด้าน ",,ปัด,"Digital Print",ปัด,ตา,N,18-08-23,
18-08-23,"Kamalaya Koh Samui",H,"food order",84082,50,65,3250,"เคมี 3 ใบ ขาว-ฟ้า-ชมพู","น 1 ดำ","ปรุหัว 2 ใบ No.178751-181250 ล.3576-3625 +เย็บ 50ใบ/ชุด",,PL,"ตัด 5",เมฆ,ตา,O,18-08-23,
21-08-23,"Coco Tam's",R,"card a5 เคลือบด้าน",85221,50,25,1250,"อาร์ต 300g.","น 4 cmyk ล 4 cmyk","เคลือบPVC ด้าน 2ด้าน ",,แตงโม,"Digital Print",แตงโม,ตา,N,21-08-23,
21-08-23,Intercontinental,H,"stk 7 วัน 7 สี",85203,1400,1,1400,pp-ด้าน,"น 4 cmyk",-,,โอ๋,"Digital Print",โอ๋,ตา,O,21-08-23,
21-08-23,"Four Seasons Resort",H,หนังสือเตือนด้วยวาจา,84534,20,190,3800,"เคมี 3 ใบ ฟ้าบน กลางชมพู ขาวล่าง ","น 1 ดำ","กาวหัว 50 ใบ/ชุด",,โอ๋,"ตัด 5",เมฆ,ตา,O,21-08-23,
21-08-23,"Tropical Delight",,"STK the ritz",84113,7,60,420,pp-ด้าน,"น 4 cmyk",-,,แตงโม,"Digital Print",แตงโม,ตา,N,21-08-23,
21-08-23,"logical Trqnsport",,NC,84296,200,4.50,900,"อาร์ต 300g.","น 2 แดง ดำ ล 2 แดง ดำ",-,,แตงโม,"Digital Print",แตงโม,ตา,N,21-08-23,
21-08-23,"Coral Cliff Beach Resort",H,"menu drink",85798,50,190,9500,"อาร์ต 300g.","น 4 cmyk ล 4 cmyk","เคลือบPVC ด้าน 2ด้าน เย็บมุมหลังคา ",,ปัด,"Digital Print",ปัด,ตา,N,21-08-23,
21-08-23,"Samui Island Tour",TR,STK,01402,1,850,850,-,"น 4 cmyk","ขนาด 100*120 ซม",,แตงโม,อิ้งเจ็ท,ต้อม,ตา,N,21-08-23,
22-08-23,"Sociatel Koh Samui",,"STK ติดพลาสวูด",01377,10,250,2500,"Sticker ","น 4 cmyk","9 แบบ ",,แตงโม,อิ้งเจ็ท,ต้อม,ตา,N,22-08-23,
22-08-23,"Sea Valley Hotel & Spa",H,STK,85531,2,70,140,pp-ด้าน,"น 4 cmyk",-,,ปัด,"Digital Print",ปัด,ตา,N,22-08-23,
22-08-23,"Smile Samui Resort",,"Miscellaneus chasge",85665,50,95,4750,"เคมี 3 ใบ ขาว-ชมพู-เขียว","น 1 น้ำเงิน","ปรุข้าง 2 ใบ No.001-2500 ล.01-50 +เย็บ 50ใบ/ชุด",,"โอ๋ new PL","ตัด 5",เมฆ,ตา,O,22-08-23,
22-08-23,"Flower Paradise",,ใบเสร็จรับเงิน/ใบกำกับภาษี,85894,50,80,4000,"เคมี 2 ใบ ขาว-ฟ้า","น 1 ดำ","ปรุหัว 1 ใบ No.001-2500 ล.01-50 + เย็บ 50ใบ/ชุด",,โอ๋,"ตัด 5",แบ็งค์,ตา,N,22-08-23,
23-08-23,"คณาธิป ซีฟู๊ด",O,ใบส่งของ,85219,100,70,7000,"เคมี 3 ใบ ขาว-ชมพู-ฟ้า","น 1 น้ำเงิน","ปรุหัว 2 ใบ เย็บ 50ใบ/ชุด",,โอ๋,"ตัด 5",แบงค์,ตา,O,23-08-23,
23-08-23,เพชรบัญชา,,"Flyer ",84136,10000,0.75,7500,"อาร์ต 115g.","น 4 cmyk",-,,โอ๋,MO4,ศร+ต้น,ตา,O,23-08-23,
23-08-23,"Four Seasons Resort",H,"stk 7 วัน 7 สี",84114,8000,0.50,4000,pp-ด้าน,"น 4 cmyk","7 วัน 7 สี 1000*7 / freeaing 1000 ดวง",,ปัด,"Digital Print",ปัด,ตา,O,23-08-23,
23-08-23,"สมุยพงศ์ภัณฑ์ ",O,"STK ติดพลาสวูด",01460,1,600,600,ไวนิล,"น 4 cmyk","ขนาด 60*70 ซม ",,โอ๋,อิ้งเจ็ท,โอ๋,ตา,N,23-08-23,
23-08-23,Seavallay,,"STK ติดพลาสวูด",01405,2,250,500,"STK ติดพลาสวูด","น 4 cmyk","ขนาด 45.7*34.7 อย่างละ 1 ชิ้น",,แตงโม,อิ้งเจ็ท,โอ๋,ตา,O,23-08-23,
23-08-23,"Centara Reserve Samui",,84193,84193,700,7.50,5250,"การ์ดขาว 240g","น 4 cmyk ล 4 cmyk",-,,ปัด,"Digital Print",ปัด,ตา,O+R,23-08-23,
23-08-23,"mountain jungle tour",,"brochure 3 พับ",85385,5000,2.40,12000,"อาร์ต 157g.","น 4 cmyk ล 4 cmyk",พับ,,ปัด,MO4,ศร+ต้น,ตา,O+R,23-08-23,
23-08-23,Lexi,,"Bro chure-3พับ",85388,5000,2.40,12000,"อาร์ต 157g.","น 4 cmyk ล 4 cmyk",พับ,,ปัด,GTO4,แอร์,ตา,N,23-08-23,
23-08-23,"Pleasure Business",O,NC,85658,200,4,800,"อาร์ต 300g.","น 4 cmyk",-,,แตงโม,"Digital Print",แตงโม,ตา,N,23-08-23,
23-08-23,k.หม่อง,,ticket,84195,500,1,500,"แบงค์เขียว 70g","น 1 ดำ","ปรุ 2จุด 001-500",,ปัด,"Digital Print",ปัด,ตา,N,23-08-23,
23-08-23,เพชรบัญชา,,"Flyer -A5",84141,1000,0.75,5625,"อาร์ต 115g.","น 4 cmyk",-,,โอ๋,MO4,ศร,ตา,N,23-08-23,
23-08-23,"Clay Beach",,"STK ",84181,"5 a3",70,350,pp-ด้าน,"น 1 ดำ","5 แบบ แบบละ 1 A3",,โอ๋,"Digital Print",โอ๋,ตา,O,23-08-23,
23-08-23,"Seen Beach Club",H,ไวนิล,01388,1,2000,2000,ไวนิล,"น 4 cmyk","ขนาด 300*240 ซม / ตอกตาไก่ 30 ซม ",,โอ๋,อิ้งเจ็ท,โอ๋,ตา,N,23-08-23,
23-08-23,"Belmond Napasai",H,"Luggage Tag",84051,1000,5.25,5250,"laid B/W 220 g","น 1 ดำ ล 1 ดำ","ปรุ 1 จุด +เจาะรู+ผูกเชือก+ตีเลข 2001-3000 + ตัดมุม",,"ปัด new PL",GTO,ต้น,ตา,O,23-08-23,
23-08-23,Vanabell,,"pocket card ",85550,500,7.50,3750,"อาร์ต 157g.","น 4 cmyk ล 4 cmyk",พับ,,ปัด,"Digital Print",ปัด,ตา,N,23-08-23,
23-08-23,"Bophut Resort & Spa",H,ไวนิลรูปราชินี,01382,1,1000,1000,ไวนิล,"น 4 cmyk","เหลือขอบ รอบ ไม่พับ",,โอ๋,อิ้งเจ็ท,โอ๋,ตา,N,23-08-23,
23-08-23,"Amari Koh Samui",H,poster-A2,01406,1,250,250,photo,"น 4 cmyk",-,,แตงโม,อิ้งเจ็ท,ต้อม,ตา,N,23-08-23,
23-08-23,"Anantara Lawana Resort & Spa",H,"STK ติดพลาสวูด",01383,2,600,1200,"Sticker ","น 4 cmyk","ขนาด 46*68 ซม ติดพาสวูด 3 ซม ",,โอ๋,อิ้งเจ็ท,โอ๋,ตา,N,23-08-23,
24-08-23,"Central Festivel Samui",O,แผ่นพับ,85303,3000,5.65,16950,"อาร์ต 115g.","น 4 cmyk ล 4 cmyk",พับ,,ปัด,MO4,ศร+ต้น,ตา,N,24-08-23,
24-08-23,"Samui Sea Sports",O,"Bro chure 2พับ",85379,1000,5.20,5200,"อาร์ต 157g.","น 4 cmyk ล 4 cmyk",-,,PL,GTO4,แอร์,ตา,O,24-08-23,
24-08-23,juliette,,"wedding event",01389,4,"100*2 / 350 / 650",1200,-,-,"QR A5 STK ติดโฟม 1 ชิ้น / welcome STK ติดพาสวูด A1 1 ชิ้น / wedd",,แตงโม,อิ้งเจ็ท,โอ๋,ตา,,24-08-23,
24-08-23,"Bawoo Samui",O,"purchase order",85735,50,123,6150,"เคมี 2 ใบ ขาว-ฟ้า","ใบแรก ดำ น้ำเงิน ใบที่2 ","ปรุหัว 1 ใบ No.001-2500 ล.01-50 + เย็บ 50ใบ/ชุด",,โอ๋,"ตัด 5",เมฆ,ตา,O,24-08-23,
24-08-23,บริษัทเพราะสะเปอร์บุญ,,"STK ติดฟิวเจอร์บอร์ด",01359,1,250,250,"stk ตัดเจาะ","น 4 cmyk","ขนาด 60*80 ซม ",,แตงโม,อิ้งเจ็ท,ต้อม,ตา,N,24-08-23,
24-08-23,K.Anna,O,ไวนิล,01404,1,450,450,ไวนิล,"น 4 cmyk","ขนาด 77*200 ซม / เผื่อขอบขาว 10 ซม ",,แตงโม,อิ้งเจ็ท,โอ๋,ตา,N,24-08-23,
24-08-23,คลีนิกทันกรรมสไมล์พลัส,,ใบเสร็จรับเงิน,85640,50,55,2750,"เคมี 2 ใบ ขาว-ฟ้า","น 1 น้ำเงิน","ปรุหัว 1 ใบ No.001-2500 ล.01-50  + เย็บ 50ใบ/ชุด",,โอ๋,"ตัด 5",แบงค์,ตา,O+R,24-08-23,
24-08-23,samuiaksorn,,กล่องเค้กเล็ก,85546,700,,0,"อาร์ตการ์ดหน้าเดียว 350g.","น 4 cmyk",ไดคัท+บล็อคเก่า,,PL,MO4,แอร์+ต้น,ตา,O,24-08-23,
24-08-23,samuiaksorn,,กระดาษห่องาน,85382,2000,,0,"อาร์ต 157g.","น 1 น้ำเงิน",-,,PL,MO,ต้น,ตา,O,24-08-23,
25-08-23,K.Nana,,"Menu ",84182,12,70,840,pp-ด้าน,"น 4 cmyk",-,,แตงโม,"Digital Print",แตงโม,ตา,O+R,25-08-23,
25-08-23,"The Stay",,STK,84081,2,70,140,"stk ใส","น 4 cmyk",-,,แตงโม,"Digital Print",แตงโม,ตา,N,25-08-23,
25-08-23,Hyatt,,coster,85297,1000,1.75,1750,"mohawk 325 g","น 1 เทา",ตัด,,PL,GTO,ต้น,ตา,O,25-08-23,
25-08-23,"Seen Beach Club",H,"Flyer -A5",84131,1000,4.40,4400,"อาร์ต 128g.","น 4 cmyk",-,,โอ๋,GTO4,แอร์,ตา,N,25-08-23,
25-08-23,"I da B",,"miscellaneous ",82228,50,55,2750,"เคมี 2 ใบ ขาว-ฟ้า","น 1 ดำ","กาวหัว 50 ใบ/ชุด + No.0001-2500 ล. 01-50 ",,ปัด,"ตัด 5",แบงค์,ตา,N,25-08-23,
25-08-23,"Duomo Restaurant",,"Menu ",85222,60,80,4800,"ปก STK หุ้มโชปัง / ใน ปกการ์ด 120 g / เนื้อใน ART 300 g","น 4 cmyk ล 4 cmyk","เคลือบPVC ด้าน 2ด้าน Super Stick+ปั๊มพับ/หุ้มปก+ใส่น๊อต",,ปัด,"Digital Print",ปัด,ตา,O,25-08-23,
25-08-23,สินธุ์,,สายคาด,85383,1000,5.30,5300,"อาร์ต 157g.","น 4 cmyk",-,,แตงโม,"Digital Print",ศร+ต้น,ตา,N,25-08-23,
25-08-23,"Eva Cafe's",R,"Menu ",84221,56,25,1400,"อาร์ต 300g.","น 4 cmyk ล 4 cmyk","เคลือบPVC ด้าน 2ด้าน เจาะรู + ปั๊มพับ",,โอ๋,"Digital Print",โอ๋,ตา,N,25-08-23,
25-08-23,"ฺBlooming Gallery",,standy,01403,1,1500,1500,-,"น 4 cmyk","ขนาด 62*128 ซม ",,โอ๋,อิ้งเจ็ท,โอ๋,ตา,N,25-08-23,
31-08-23,"Muang Samui Spa Resort ",,"Guest Registration Card",82084,1000,1.8,1800,"card 180 g","น 1 เทา",,,โอ๋,GTO,ต้น,ตา,N,31-08-23,
31-08-23,Hyatt,,"welcome card",84598,1000,6.5,6500,"rdv 270","น 1  เทา ส้ม",ปั็มพับ,,PL,GTO,ต้น,ตา,N,31-08-23,
05-09-23,Kensington,O,STK,01435,3,800,2400,"stk ขาวมัน","น 4 cmyk","ขนด 90*150 ซม เคลือบมัน",,แตงโม,อิ้งเจ็ท,โอ๋,ตา,N,05-09-23,
05-09-23,ครัวสมุย,R,NC,84207,200,4.50,900,"pvc cream 210 g","น 4 cmyk","2 ชื่อ / ชื่อละ 100 ",,แตงโม,"Digital Print",แตงโม,ตา,N,05-09-23,
05-09-23,ครัวสมุย,R,การ์ด,87280,300,3.50,1050,"การ์ดขาว 240g","น 4 cmyk",-,,แตงโม,"Digital Print",แตงโม,ตา,N,05-09-23,
05-09-23,ครัวสมุย,R,NC,86061,100,4.50,450,"pvc cream 210 g","น 4 cmyk",-,,แตงโม,"Digital Print",แตงโม,ตา,N,05-09-23,
05-09-23,ครัวสมุย,R,"ใบปลิว A5",86062,500,8.50,4250,"อาร์ต 157g.","น 4 cmyk ล 4 cmyk",-,,แตงโม,"Digital Print",แตงโม,ตา,O,05-09-23,
05-09-23,ครัวสมุย,R,STK,01425,6,300,1800,"stk pvc ","น 4 cmyk","ขนาด 58*80 ซม",,แตงโม,อิ้งเจ็ท,โอ๋,ตา,N,05-09-23,
05-09-23,ครัวสมุย,R,STK,01431,2,300,600,"stk ขาวมัน","น 4 cmyk","ขนาด 60*80 ซม ",,แตงโม,อิ้งเจ็ท,โอ๋,ตา,N,05-09-23,
05-09-23,K.ชาลี,,STK,01436,8,35,280,"stk pvc ","น 4 cmyk","แบบละ 2 ชิ้น ",,แตงโม,อิ้งเจ็ท,โอ๋,ตา,N,05-09-23,
05-09-23,K.เอ๋,,"STK ติดโฟมบอร์ด",01487,2+13,"250*2 / 60*13",1280,"stk ขาวด้าน","น 4 cmyk","A2 / 2 แบบ / แบบละ 1 แผ่น / ปริ้น A3 13 แผ่น",,โอ๋,อิ้งเจ็ท,โอ๋,ตา,N,05-09-23,
05-09-23,"Outrigger Beach Resort ",,"ice cream display",02514,1,850,850,-,-,-,,โอ๋,อิ้งเจ็ท,โอ๋,ตา,N,05-09-23,
06-09-23,"Outrigger Beach Resort ",,"wine list menu",84258,20,120,2400,"อาร์ต 300g.","น 4 cmyk ล 4 cmyk","เคลือบPVC ด้าน 2ด้าน เย็บมุมหลังคา ปั๊มพับ",,ปัด,"Digital Print",ปัด,ตา,O,06-09-23,
06-09-23,K.นานา,,STK,86117,4,70,280,pp-ด้าน,"น 4 cmyk",ไดคัท,,แตงโม,"Digital Print",แตงโม,ตา,O,06-09-23,
06-09-23,ครัวสมุย,R,NC,86126,100+100,"4*100 / 6*100",2000,"อาร์ต 300g.","น 4 cmyk","Card art 210g 4 สี CMYK หน้าเดียว 100 ใบ ",,แตงโม,"Digital Print",แตงโม,ตา,N,09-11-23,
06-09-23,"Silavadee Pool Spa Resort",H,ไวนิล,01489,3,250,750,ไวนิล,"น 4 cmyk","ไม่ตอกตาไก่ เหลือขอบรอบ / ขนาด 50.5*70.5 ซม. / FB 2 ชิ้น / SPA 1",,โอ๋,อิ้งเจ็ท,โอ๋,ตา,N,06-09-23,
06-09-23,"Karma Resort",H,"wine list menu",84300,100,20,2000,"อาร์ต 300g.","น 4 cmyk","เคลือบPVC ด้าน 2ด้าน ",,แตงโม,"Digital Print",แตงโม,ตา,O,06-09-23,
06-09-23,ร้านลำภู,R,"print A4",86203,11,50,550,"อาร์ต 300g.","น 4 cmyk","เคลือบPVC ด้าน 2ด้าน ",,โอ๋,"Digital Print",โอ๋,ตา,N,06-09-23,
06-09-23,"Coral Cliff Beach Resort",H,"captain order",85368,100,55,5500,"เคมี 3 ใบ ขาว-ชมพู-เหลือง","น 1 น้ำเงิน","ปรุหัว 2 ใบ No.10001-15000 +เย็บ 50ใบ/ชุด",,โอ๋,"ตัด 5",แบงค์,ตา,O,06-09-23,
06-09-23,ครัวบ้านขาว,,"captain order",86110,100,42,4200,"เคมี 2 ใบ ขาว-ฟ้า","น 1 ดำ","ปรุข้าง 2 ใบ +เย็บ 50ใบ/ชุด",,PL,"ตัด 5",แบงค์,ตา,O,06-09-23,
06-09-23,"Anantara Bophut",H,ไวนิล,02513,1,200,200,ไวนิล,"น 4 cmyk","ไม่ตอกตาไก่ เหลือขอบรอบ 15 ซม / ขนาด 51*71 ซม.",,โอ๋,อิ้งเจ็ท,โอ๋,ตา,N,06-09-23,
06-09-23,Socaitel,,"Key Card envelope",84110,2000,2.7,5400,"การ์ดขาว 240g","น 3 ครีม-แดง-ดำ",ไดคัท+บล็อคเก่า+ประกอบ,,PL,GTO,ต้น,ตา,O,06-09-23,
06-09-23,"Holiday Inn Koh samui",,ไวนิล,02512,1,350,350,ไวนิล,"น 4 cmyk","ไม่ตอกตาไก่ ขนาด 90*120 ซม",,โอ๋,อิ้งเจ็ท,โอ๋,ตา,N,06-09-23,
06-09-23,"Hansar Hotels & Resorts",H,ไวนิล,01438,2,250,500,ไวนิล,"น 4 cmyk","ขนาด 53*73 ซม / เผื่อขอบขาว 3 ซม",,โอ๋,อิ้งเจ็ท,โอ๋,ตา,O,06-09-23,
06-09-23,"The Hive Hotel",,voucher,84178,50,100,5000,"เคมี 3 ใบ ขาว-ชมพู-ฟ้า","น 1 ดำ","ปรุข้าง 2 ใบ No.5001-7500 +เย็บ 50ใบ/ชุด",,PL,"ตัด 5",แบงค์,ตา,O,06-09-23,
06-09-23,"the next door",,STK,86131,20,55,1100,pp-ด้าน,"น 4 cmyk",-,,ปัด,"Digital Print",ปัด,ตา,O,06-09-23,
06-09-23,"Nora Cafe",,"STK logo",86165,10,60,600,pp-ด้าน,"น 4 cmyk",-,,ปัด,"Digital Print",ปัด,ตา,O,06-09-23,
06-09-23,"Coconut River",,"ตรายางหมึกใน สีน้ำเงิน ชื่อบริษัท",1934,20,400,800,-,-,"ตรายางหมึกใน สีน้ำเงิน ชื่อบริษัท",,ภู,บริการอื่นๆ,ภู,ตา,N,06-09-23,
07-09-23,Ms.Liang,,ไวนิล,01437,1,1800,1800,ไวนิล,"น 4 cmyk","ขนาด 5.14*1.33 เมตร",,แตงโม,อิ้งเจ็ท,โอ๋,ตา,N,07-09-23,
07-09-23,Lumphu,,"STK ติดพลาสวูด",01468,155,"200*99 / 100*8 / 35*48",22280,"Sticker ","น 4 cmyk","ขนาด 5*4 8 ชิ่น / A4 99 ชิ้น / 5*7 48 ชิ้น",,โอ๋,อิ้งเจ็ท,โอ๋,ตา,N,07-09-23,
07-09-23,"The Ritz-Carlton",H,"Arrival Baggage",85209,1000,14.50,14500,"การ์ดขาว 240g","น 2 ฟ้า-ดำ  ล 1 ดำ","ปรุ 1 จุด / เจาะรู / ตอกตาไก่ / ตีเลข 1001-2000 / ติดสติ๊กเกอร์ ",,PL,GTO,ต้น,ตา,N,07-09-23,
07-09-23,Hyatt,,"TAG ติดกระเป๋า",84596,2000,2.5,5000,"การ์ดขาว 120g","น 1 เทา ล 1 เทา","ตีเลข 1 จุด รันเลข 31001-33000 ปรุ 1 จุด เจาะรู ผูกเชือก",,PL,GTO,ต้น,ตา,O,07-09-23,
07-09-23,"Baan Chaweng Beach Resort & Spa",H,"Letter Head ",86084,1000,2,2000,"ปอนด์ 80g ","น 1 เขียว",-,,PL,GTO,ต้น,ตา,O,07-09-23,
07-09-23,"Coco Tam's",R,"STK vip zone ",02510,6,100,600,"stk ขาวมัน","น 4 cmyk ","ขนาด 17*30 ซม ",,แตงโม,อิ้งเจ็ท,โอ๋,ตา,N,07-09-23,
07-09-23,Ms.Cario,,Tag,87282,2000,2.50,5000,"อาร์ต 260g.","น 1 ฟ้าอ่อน+ฟ้าเข้ม ล 1 ",เจาะรู+ผูกยางยืด,,PL,GTO,แอร์,ตา,O,07-09-23,
07-09-23,K.โบว์,,ไวนิล,01482,2,100,200,ไวนิล,"น 4 cmyk","ขนาด 40*60 ซม",,โอ๋,อิ้งเจ็ท,โอ๋,ตา,N,07-09-23,
07-09-23,Zoto,,"Menu ",86024,2,300,600,"อาร์ต 300g.","น 4 cmyk ล 4 cmyk",เข้าเล่ม,,ปัด,"Digital Print",ปัด,ตา,N,07-09-23,
08-09-23,ร้านยางกลางเล,,บิลเงินสด,87292,100,65,6500,"เคมี 2 ใบ ขาว-เขียว","น 1 ดำ","ปรุหัว 1 ใบ No.7501-12500 +เย็บ 50ใบ/ชุด",,"โอ๋ new PL","ตัด 5",แบงค์,ตา,O,08-09-23,
08-09-23,Joey,,ไวนิล,01363,1,250,250,ไวนิล,"น 4 cmyk","ปรับขนาด 92.2*65 ตอกตาไก่ 4 มุม",,แตงโม,อิ้งเจ็ท,ไลท์,ตา,N,08-09-23,
08-09-23,CPK,,"miscellaneous ",85513,50,90,4500,"เคมี 3 ใบ ขาว-ฟ้า-เหลือง","น 1 ดำ","ปรุหัว 2 ใบ No.001-2500 ล.01-50 +เย็บ 50ใบ/ชุด",,โอ๋,"ตัด 5",เมฆ,ตา,O,08-09-23,
08-09-23,"Best  Western Samui Bay View Resort",H,NC,84287,300,4,1200,"อาร์ต 300g.","น 4 cmyk",-,,โอ๋,"Digital Print",โอ๋,ตา,O,08-09-23,
08-09-23,ร้านเย็บผ้า,,ไวนิล,01481,1,200,200,ไวนิล,"น 4 cmyk","ขนาด 25*30 นิ้ว / ตอกตาไก่ในเนื้องานห่าง 4 มม. พับขอบ 1 ชั้น",,โอ๋,อิ้งเจ็ท,โอ๋,ตา,N,08-09-23,
08-09-23,"Silavadee Pool Spa Resort",H,"STK turn down",84247,5000,0.55,2750,pp-ด้าน,"น 4 cmyk","2 แบบ",,โอ๋,"Digital Print",โอ๋,ตา,O,08-09-23,
08-09-23,Tembo,,"miscellaneous ",87264,50,65,3250,"เคมี 4 ใบ ขาว-เหลือง-ฟ้า-ชมพู","น 1 น้ำเงิน","ปรุข้าง 3 ใบ No.2501-5000 +เย็บ 50ใบ/ชุด",,PL,"ตัด 5",แบงค์,ตา,O,08-09-23,
08-09-23,"Centara Reserve Samui",,ถุงใสกางเกงใน,84187,2000,4,8000,"คราฟน้ำตาล 110 g","น 1 น้ำเงิน",ไดคัท+ติดเทปกาว,,PL,GTO,ต้น,ตา,O,08-09-23,
08-09-23,"Mimosa Resort & Spa",H,"miscellaneous ",84278,100,90,9000,"เคมี 3 ใบ ขาว-เหลือง-เขียว","น 1 ดำ","ปรุหัว 2 ใบ No.38751-43750 ล.776-875 + เย็บ 50ใบ/ชุด",,PL,"ตัด 5",แบงค์,ตา,O,08-09-23,
08-09-23,CPK,,"bill laundry",85515,50,210,10500,"เคมี 3 ใบ ขาว-ฟ้า-ชมพู","น 1 ดำ","ปรุหัว 2 ใบ No.001-2500 +เย็บ 50ใบ/ชุด",,โอ๋,"ตัด 5",แบงค์,ตา,N,08-09-23,
08-09-23,"Samui Resotel  Beach Resort",H,"expension order",87285,50,70,3500,"ธรรมดา 3 ใบ ขาว-ชมพู-บรุ๊ฟ","น 1 ดำ","ปรุข้าง 2 ใบ No.19551-22050 ล.392-441 + เย็บ 50ใบ/ชุด",,ปัด,"ตัด 5",เมฆ,ตา,O,08-09-23,
08-09-23,"Peace Resort sea wrap",,"envelope ",87291,1000,3.90,3900,"ซองขาวฝาขนาน 9/125","น 2 เขียว ดำ",-,,PL,"ตัด 11",ศร,ตา,O,08-09-23,
08-09-23,"Anantara Lawana Resort & Spa",H,STK,01379,1,200,200,-,"น 4 cmyk",-,,แตงโม,อิ้งเจ็ท,โอ๋,ตา,N,08-09-23,
08-09-23,"My Cafe's & Restaurant",,ที่รองขนม,86098,1000,2,2000,"กระดาษรองขนม 38g","น 1 เทา",-,,PL,GTO,ต้น,ตา,O,08-09-23,
08-09-23,"ฮักสมุย (Hug Samui)",R,"photo paper",01428ฃ,20,300,600,photo,"น 4 cmyk","ขนาด 54*71 ซม+เคลือบด้าน",,แตงโม,อิ้งเจ็ท,โอ๋,ตา,N,08-09-23,
08-09-23,"Anantara Bophut",H,"Menu ",86004,30,200,6000,"อาร์ต 300g.","น 4 cmyk ล 4 cmyk","เคลือบPVC ด้าน 2ด้าน + ปั๊มพับ ",,โอ๋,"Digital Print",โอ๋,ตา,N,11-09-23,
11-09-23,"Anantara Lawana Resort & Spa",H,"breafast menu",85236,50,60,3000,UPO,"น 4 cmyk ล 4 cmyk",-,,ปัด,"Digital Print",ปัด,ตา,O,11-09-23,
11-09-23,วัดสันติวราราม,O,ซอง,86021,300,3,900,ซองฝาขนาด,"น 1 น้ำเงิน",-,,ปัด,บริการอื่นๆ,โรเนียว,ตา,N,11-09-23,
11-09-23,"Island Travel",TR,voucher,86002,50,65,3250,"เคมี 2 ใบ ขาว-ชมพู","น 1 ดำ","ปรุข้าง 1 ใบ No.2501-5000 ล.51-100 +เย็บ 50ใบ/ชุด",,โอ๋,"ตัด 5",เมฆ,ตา,O,11-09-23,
11-09-23,"Radio Samui",,poster,01432,6,"400 / 50*5",650,photo,"น 4 cmyk","ขนาด 61*91 ซม 1 ชิน",,โอ๋,อิ้งเจ็ท,โอ๋,ตา,N,11-09-23,
11-09-23,เทศบาลนครเกาะสมุย,G,ใบเสร็จรับเงิน,84084,26,120,3120,"เคมี 3 ใบ ขาว-ฟ้า-ชมพู","น 1 ดำ","ปรุหัว 2 ใบ No.6301-7600 ล.127-152 + เย็บ 50ใบ/ชุด",,PL,"ตัด 5",เมฆ,ตา,O,11-09-23,
11-09-23," go by grory",,NC,86167,200,5.50,1100,"อาร์ต 300g.","น 4 cmyk ล 4 cmyk","เคลือบPVC ด้าน 1ด้าน ",,ปัด,"Digital Print",ปัด,ตา,N,11-09-23,
11-09-23,"อาทิตย์ เฟอร์นิเจอร์",O,ใบกำกับภาษีอย่างย่อ/ใบเสร็จรับเงิน,86100,20,120,2400,"เคมี 3 ใบ ขาว-ชมพู-เขียว","น 1 ดำ","ปรุหัว 2 ใบ No.001-1000 ล.01-20 +เย็บ 50ใบ/ชุด",,PL,"ตัด 5",แบงค์,ตา,O,11-09-23,
11-09-23,"Conrad Koh Samui",H,"Key Card Folder",87283,2000,5.70,11400,"อาร์ต 260g.","น 4 cmyk ล 4 cmyk",ไดคัท+ติดเทปกาว,,PL,GTO4,แอร์,ตา,O,11-09-23,
11-09-23,"The Cork",,STK,86092,4,70,280,pp-ด้าน,"น 4 cmyk",-,,แตงโม,"Digital Print",แตงโม,ตา,N,11-09-23,
11-09-23,"Overlap Stone ",,"STK logo",02504,"1 set",140,140,-,-,-,,แตงโม,อิ้งเจ็ท,โอ๋,ตา,N,11-09-23,
11-09-23,samanora,,ticket,86088,100,75,7500,"อาร์ต 128g.","น 4 cmyk","ทั้ง 3 ชุด / ปรุ 2 ที่ เย็บ 50 ใบ รันเลข 001-5000",,ปัด,GTO4,แอร์+ศร,ตา,O+R,11-09-23,
11-09-23,"Baan Chaweng Beach Resort & Spa",H,ใบเสร็จรับเงิน/ใบกำกับภาษีอย่างย่อ,86072,200,55,11000,"ธรรมดา 3 ใบ ขาว-เขียว-ปรู๊ฟ","น 1 น้ำเงิน","ปรุหัว 2 ใบ No.12501-22500 ล.251-450 + เย็บ 50ใบ/ชุด",,PL,"ตัด 5",แบงค์,ตา,O,11-09-23,
11-09-23,"annie sweety",,"STK logo",86153,8,60,480,pp-ด้าน,"น 4 cmyk",ไดคัท,,แตงโม,"Digital Print",โอ๋,ตา,O,11-09-23,
11-09-23,"Sheraton Samui Resort",H,"photo paper",01485,2,"250 / 400 ",650,photo,"น 4 cmyk","ขนาด 40*60 ซม / 60*80 ซม",,โอ๋,อิ้งเจ็ท,โอ๋,ตา,N,11-09-23,
11-09-23,"Conrad Koh Samui",H,"miscellaneous ",86106,50,95,4750,"เคมี 4 ใบ ขาว-เหลือง-เขียว-ชมพู","น 1 ดำ","ปรุข้าง 3 ใบ No.5001-7500 + เย็บ 50ใบ/ชุด",,PL,"ตัด 5",แบงค์,ตา,O,11-09-23,
12-09-23,"Santiburi Beach Resort",H,NC,86112,200,6.50,1300,"อาร์ต 350g.","น 4 cmyk ล 4 cmyk","เคลือบPVC ด้าน 2ด้าน + ไดคัทมุม",,โอ๋,"Digital Print",โอ๋,ตา,O,12-09-23,
12-09-23,"Silavadee Pool Spa Resort",H,"spa consulatiuon",86081,1000,1.50,1500,"ปอนด์ 80g ","น 1 เทา","ตัด A4 ไม่พับ",,PL,GTO,ต้น,ตา,O,12-09-23,
12-09-23,"Heling Time ",,STK,86144,25,60,1500,pp-ด้าน,"น 4 cmyk",-,,แตงโม,"Digital Print",แตงโม,ตา,O,12-09-23,
12-09-23,น้ำดื่มพอลลิ่ง,O,บิลเงินสด,87294,100,65,6500,"เคมี 2 ใบ ขาว-เหลือง","น 1 น้ำเงิน","ปรุหัว 2 ใบ No.17501-22500 ล.351-450 +เย็บ 50ใบ/ชุด",,PL,"ตัด 5",เมฆ,ตา,O,12-09-23,
12-09-23,Lamphu,R,"STK ติดพลาสวูด",01477,48,35,1680,"Sticker ","น 4 cmyk","เคลือบด้าน ",,โอ๋,อิ้งเจ็ท,โอ๋,ตา,N,12-09-23,
12-09-23,"Heling Time ",,STK,86118,43,55,2365,pp-ด้าน,"น 4 cmyk",-,,โอ๋,"Digital Print",โอ๋,ตา,O,09-11-23,
12-09-23,"The Smoker",,"STK logo",02501,2,650,1300,"stk ขาวด้าน","น 4 cmyk","2 แบบ 1 ซม",,โอ๋,อิ้งเจ็ท,โอ๋,ตา,N,12-09-23,
12-09-23,"ฺBliss Event",,"STK ติดโฟมบอร์ด",01484,1,400,400,"Sticker ","น 4 cmyk","ขนาด A1",,โอ๋,อิ้งเจ็ท,โอ๋,ตา,N,12-09-23,
12-09-23,"Halfmoon Festival",R,"Flyer ",86141,1800,"45*20 / 20*80 / 4*1000 / 4*700",9300,"อาร์ต 157g.","น 4 cmyk","A3 20 / A4 80 / P1 1000 / P1 700",,ปัด,"Digital Print",ปัด,ตา,N,12-09-23,
13-09-23,K.เอกประสิทธิ์,,"STK ติดอคิลิค",01426,1,150,150,"Sticker ","น 4 cmyk",-,,แตงโม,อิ้งเจ็ท,โอ๋,ตา,N,20-12-23,
13-09-23,"The Bull Dog",,STK,86157,3,70,210,pp-ด้าน,"น 4 cmyk",-,,แตงโม,"Digital Print",แตงโม,ตา,N,13-09-23,
13-09-23,"KCR Enterprise Ltd.",O,"trahsportation voucher",87267,50,105,5250,"เคมี 4 ใบ ขาว-ชมพู-เหลือง-ฟ้า","น 1 ดำ","ปรุหัว 3 ใบ No.6501-9000 +เย็บ 50ใบ/ชุด",,โอ๋,"ตัด 5",แบงค์,ตา,O,13-09-23,
13-09-23,"The Bamboo Rooms",,"to be completed by the client ",84243,20,130,2600,"ปอนด์ 80g ","น 1 ดำ ล 1 ดำ","เย็บ 100 ใบ/ชุด",,แตงโม,"ตัด 5",ต้น,ตา,N,13-09-23,
13-09-23,"Samui Accom",H,"ตรายางหมึกแยก สีน้ำเงิน เบอร์โทร",1935,2,280,560,-,-,"ตรายางหมึกแยก สีน้ำเงิน เบอร์โทร",,ภู,บริการอื่นๆ,ภู,ตา,O,13-09-23,
13-09-23,"Kimpton Kitalay Samui",,"photo paper",02518,1,200,200,photo,"น 4 cmyk","ขนาด 45*60 ซม",,โอ๋,อิ้งเจ็ท,โอ๋,ตา,N,13-09-23,
13-09-23,"Anantara Lawana Resort & Spa",H,STK,02517,2,100,200,"Sticker ","น 4 cmyk",A3,,แตงโม,อิ้งเจ็ท,ต้อม,ตา,N,13-09-23,
13-09-23,"Kimpton Kitalay Samui",,"food label",86038,2000,0.65,1300,pp-ด้าน,"น 4 cmyk","stock 1000 ดวง",,โอ๋,"Digital Print",โอ๋,ตา,O,13-09-23,
13-09-23,"Villa Kalyana",H,"STK ติดพลาสวูด",01486,1,600,600,"stk ขาวด้าน","น 4 cmyk",A1,,โอ๋,อิ้งเจ็ท,โอ๋,ตา,N,13-09-23,
13-09-23,"Phangan Bayshore Resort",H,"STK ติดฟิวเจอร์บอร์ด",02507,14,400,5600,"Sticker ","น 4 cmyk","ขนาด 25.5*204.2 ซม.",,แตงโม,อิ้งเจ็ท,ต้อม,ตา,N,13-09-23,
13-09-23,โรงเรียนอุ่นรักเกาะสมุย,,สมุดรายงานพฤติกรรมนักเรียน,84069,100,30,3000,"ปก การ์ดฟ้า  / เนื้อใน ปอนด์ 80g","น 1 ดำ ล 1 ดำ",เข้าเล่มสันกาว,,โอ๋,"Digital Print",โอ๋,ตา,O+R,13-09-23,
13-09-23,K.ตุ๋ย,,ไวนิล,01429,2,350,700,ไวนิล,"น 4 cmyk","ขนาด 80*12 ซม ",,แตงโม,อิ้งเจ็ท,ต้อม,ตา,N,13-09-23,
13-09-23,บ้านวังบัว,H,ใบเสร็จรับเงิน/ใบกำกับภาษี,86066,20,120,2400,"เคมี 3 ใบ ขาว-ฟ้า-เหลือง","น 1 ดำ","ปรุข้าง 2 ใบ No.8001-9000 ล.161-180 + เย็บ 50ใบ/ชุด",,PL,"ตัด 5",แบงค์,ตา,O,13-09-23,
14-09-23,"Koh Samui Water Sports",O,"jet ski rental agreement",84237,50,95,4750,"เคมี 2 ใบ ขาว-เขียว","น 1 ดำ","ปรุหัว 2 ใบ No.2501-5000 +เย็บ 50ใบ/ชุด",,PL,"ตัด 5",เมฆ,ตา,O,14-09-23,
14-09-23,"Rs Travel ",,brochure,86057,10000,2.90,29000,"อาร์ต 157g.","น 4 cmyk ล 4 cmyk",ตัด+พับ,,PL,MO4,ศร+แอร์,ตา,O,14-09-23,
14-09-23,"Elephant Kingdom",,"post card ",86023,16*1600,10,16000,"brick 270","cmyk 2 side ","งานมี16 แบบ/แบบละ 100 ",,แตงโม,"Digital Print","laser ",ตา,N,14-09-23,
14-09-23,"Chaweng Cove Beach Resort",H,ป้ายแจ้งลูกค้าเปลี่ยนผ้า,86135,100,9,900,"brick 270","cmyk 1 side ","matt pvc 2 side ",,ปัด,"Digital Print","laser ",ตา,N,14-09-23,
14-09-23,"The Ritz-Carlton",H,"departure baggage claim ",86012,1000,11.90,11900,"card 240","1 สี คือ ดำ  หน้า/หลัง",,,PL,GTO,ต้น,ตา,N,14-09-23,
14-09-23,"White Rose Samui",H,ตรายางหมึกแยก,2277,1,350,350,ตรายางหมึกแยก,,,,แตงโม,บริการอื่นๆ,เอกศิลป์,ตา,O,20-12-23,
14-09-23,"Happy Samui Island Tour",TR,ไวนิล,01430,1+2,,0,,,,,โอ๋,อิ้งเจ็ท,ต้อม,ตา,N,14-09-23,
14-09-23,"plunk tone cafe",,"stk a4 ",88215,200+100,20,6000,"pp matt","cmyk 1 side ",,,ปัด,"Digital Print","laser ",ตา,N,14-09-23,
14-09-23,"Conrad Koh Samui",H,nc,86225,100,4.5,450,"art 300 g ","cmyk 2 side ",,,ปัด,"Digital Print","laser ",ตา,N,14-09-23,
14-09-23,"avani chaweng ",,"minibar bill ",85447,50,165,8250,"เคมี 4 ใบ ขาว ฟ้า เหลือง ชมพู","1 สี่ คือ ดำ","รันเลขที่ 2501-5000/ล.51-100 ปรุ 3 ใบ ",,โอ๋,"ตัด 5",เมฆ,ตา,N,14-09-23,
14-09-23,"Anantara Lawana Resort & Spa",H,"tamporary sandel drink menu ",84282,20,400,8000,"art 300 g ","cmyk 2 side ","matt pvc  ปั๊มพับ เย็บมุงหลังคา",,ปัด,"Digital Print","laser ",ตา,N,14-09-23,
14-09-23,Lexi,,"brochure 3 fold",86136,10000,2,200000,"art 157","cmyk 2 side ",พับ,,ปัด,MO4,แอ้,ตา,N,14-09-23,
14-09-23,"Samui Elephent kingdom",,"x stand ",02521,1,1000,1000,"x stand","cmyk 1 side ",+ขาตั้ง,,โอ๋,อิ้งเจ็ท,โอ๋,ตา,N,20-12-23,
14-09-23,"Samui Aksorn ",O,"x stand ",01444,1,,0,"x stand",cmyk,,,โอ๋,อิ้งเจ็ท,ต้อม,ตา,N,20-12-23,
14-09-23,"Karma Resort",H,"mini bar menu",84299,500,12,6000,"brick 270","cmyk 1 side ",,,แตงโม,"Digital Print","laser ",ตา,N,14-09-23,
14-09-23,"breath flow by diago",,"flyer a5",88210,1000,4800,4.8,"art 157","cmyk 2 side ",,,ไก่,GTO4,แอ้,ตา,N,14-09-23,
14-09-23,สุริยา,,"stk  ติดรถ",01492,1,1000,1000,"stk pvc","cmyk 1 side ",,,โอ๋,อิ้งเจ็ท,ao,ตา,N,14-09-23,
14-09-23,"Half Moon Festival",,ticket,86134,200,110,22000,"art 157","cmyk 1 /หลัง ดำ","ปรุ 5 ที่ No 5001-10000  /5 จุด",,ปัด,GTO4,แอ้,ตา,N,14-09-23,
14-09-23,cocoon,,menu,88219,40+20,35+55,2500,"acq ไข่ไก่ 200","1 สี คือ ดำ  2 ด้าน",เคลือบแข็ง,,ไก่,"Digital Print","laser ",ตา,N,14-09-23,
14-09-23,domo,,"book ",86027,10,280,2800,"art 157","cmyk 2 side ",ปั๊มพับเย็บมุง,,ปัด,"Digital Print","laser ",ตา,N,14-09-23,
14-09-23,"Burirasa Phangan",,"miscellaneous ",86132,50,100,5000,"เคมี 4 ใบ ขาว ชมพู เขียว เหลือง",น้ำตาล,"รันเลขที่ 92501-95100 ปรุ 3 ใบ",,PL,"ตัด 5",แบ็งค์,ตา,N,14-09-23,
14-09-23,บ้านพูลสวัสดิ์,O,ใบกำกับภาษีอย่างย่อ/ใบเสร็จรับเงิน,86071,100,90,9000,"เคมี ขาว ชมพู เหลือง","น 1 เขียว","รันเลขที่ 0001-5000/ล.001-100 ปรุ 2 ใบ",,โอ๋,"ตัด 5",เมฆ,ตา,N,14-09-23,
14-09-23,เพรชบัญชา,,"flyer a5",86179,18000,.75,13500,"art 115","cmyk 1 side ",,,โอ๋,MO4,ศร,ตา,N,14-09-23,
14-09-23,เพรชบัญชา,,"flyer a5",885221,7000,6300,0.9,"art 115 g","cmyk 1 side ",,,PL,MO4,ศร,ตา,N,14-09-23,
14-09-23,ลิปะน้อยกราฟฟิค,O,nc,86230,400,3.21,1284,"art 300 g ","cmyk 1 side ",,,ไก่,"Digital Print","laser ",ตา,N,14-09-23,
14-09-23,"Tommy's Master Tailor",TR,"order book ",86188,20,185,3700,"กระดาษธรรม 2 ใบ ขาว ปรู๊ฟ","1 สี คือ ดำ ","ปรุ 3 ท่อน ตีเลข 3 จุด 001-1000/ล001-20",,โอ๋,"ตัด 5",เมฆ,ตา,N,14-09-23,
14-09-23,"Tommy's Master Tailor",TR,"nc ",84130,5000,.749,3745,"art 300 g ","1 สี คือ แดง หน้า/หลัง",,,แตงโม,GTO,ต้น,ตา,N,14-09-23,
14-09-23,"chill inn lipanoi",,menu,86009,20,250,5000,"art 300 g ","cmyk 2 side ","matt pvc  ปั๊มพับ เย็บมุงหลังคา",,โอ๋,"Digital Print","laser ",ตา,N,14-09-23,
14-09-23,"The Ritz-Carlton",H,คู่มือพนักงาน,85917,100,50,5000,"ปก การ์ด 300 แกรม/เนื้อใน ปอนด์ 80 แกรม","1 สี คือ ดำ  2 ด้าน","ปั๊มพับ เย็บมุง",,ปัด,"Digital Print","laser ",ตา,N,14-09-23,
14-09-23,สมุยพงศ์เพชร,O,ไวนิล,02508,1,800,800,ไวนิล,"cmyk 1 side ","120*240 ตาไก่ 4 มุม",,โอ๋,อิ้งเจ็ท,ต้อม,ตา,N,14-09-23,
14-09-23,"Sala Samui Resort & Spa(เชิงมน)",H,"miscellaneous charge ",84284,50,85,4250,"เคมี 3 ใบ ขาว เหลือง ชมพู","1 สี คือ ดำ ","รันเลขที่109001-111500/ล.2181-2230 ",,โอ๋,"ตัด 5",เมฆ,ตา,N,14-09-23,
14-09-23,"Sala Samui Resort & Spa(เฉวง)",H,"key card folder ",85719,5000,4,20000,"art 350 g ","น 1 เทา","ไดคัท ประกอบติดกาว",,PL,GTO,ต้น,ตา,O,14-09-23,
14-09-23,"avani chaweng ",,"Miscellaneus chasge",84144,50,75,3750,"เคมี 3 ใบ ขาว-ชมพู-ฟ้า","น 1 ดำ","ปรุข้าง 1ใบ No.2501-5000 ล.51-100 + เย็บ 50ใบ/ชุด",,โอ๋,"ตัด 5",แบงค์,ตา,O,14-09-23,
14-09-23,"Montien House",H,"caption order ",86217,200,50,10000,"เคมี 3 ใบ ขาว เหลือง เขียว","1 สี คือ น้ำเงิน","รันเลขที่ 55001-65000/ล.1101-1300/ปรุ 2 ใบ",,PL,"ตัด 5",เมฆ,ตา,N,14-09-23,
15-09-23,"Green Magic",,STK,85351,10,70,700,pp-ด้าน,"น 4 cmyk",-,,โอ๋,"Digital Print",โอ๋,ตา,O,15-09-23,
15-09-23,k.หม่อง,,ticket,86115,500,2.78,1391,"แบงค์ฟ้า 70 g","น 1 ดำ",-,,PL,"Digital Print",แบงค์,ตา,N,09-11-23,
15-09-23,"Shangrilah Bungalow",H,"captain order",86022,100,55,5500,"เคมี 3 ใบ ขาว-ชมพู-เขียว","น 1 น้ำเงิน","ปรุหัว 2 ใบ No.32501-37500 ล.651-750 + เย็บ 50ใบ/ชุด",,PL,"ตัด 5",แบงค์,ตา,O,15-09-23,
15-09-23,"Garrya Tongsai Bay samui",,NC,84186,200,4.50,900,"brisk 270 g","น 4 cmyk ล 4 cmyk","2 ชื่อ / ชื่อละ 100 ",,ปัด,"Digital Print",ปัด,ตา,N,15-09-23,
15-09-23,"Superpro Samui",O,"membership card ",84099,5000,1.06,5300,"การ์ด 180g","น 4 cmyk",-,,แตงโม,GTO,แอร์,ตา,N,15-09-23,
15-09-23,"the next door",,STK,86096,20,45,900,pp-ด้าน,"น 4 cmyk",-,,ปัด,"Digital Print",ปัด,ตา,N,15-09-23,
15-09-23,น้ำส้มแขก,,STK,86097,10,60,600,pp-เงา,"น 4 cmyk",-,,แตงโม,"Digital Print",แตงโม,ตา,N,15-09-23,
15-09-23,"TC Full Protection Centre",,"sticker ",02527,1,100,100,"stk pp","cmyk 1 side ",,,แตงโม,อิ้งเจ็ท,"laser ",ตา,N,15-09-23,
15-09-23,"Anantara Bophut",H,"vinyl fiesta da la",02522,1,200,200,vinly,"cmyk 1 side ","60*80 cm ปล่อยขอบ 5 ซม",,โอ๋,อิ้งเจ็ท,ต้อม,ตา,N,15-09-23,
15-09-23,"Four Seasons Resort",H,"sticker  ติดกล่องทิชชูุ",86039,24,40,960,"pp matt","cmyk 1 side ",ติด,,โอ๋,"Digital Print","laser ",ตา,N,15-09-23,
15-09-23,"Delice Asan",,"nc anne",88212,500+300,4,3200,"brick 270","cmyk 2 side ",,,ไก่,"Digital Print","laser ",ตา,N,15-09-23,
15-09-23,"Renaissance Resort & Spa",H,"envelope cashier",86155,500,4,2000,"ซองน้ำตาล 5*10 ฺBA","น 1 ดำ",,,โอ๋,"ตัด 11",ศร,ตา,N,15-09-23,
15-09-23,"Explora Koh Samui",,"petty cash voucher ",84294,50,70,3500,"เคมี 2 ใบ ขาว ฟ้า ","1 สี คือ ดำ ","รันเลขที่ 0001-2500/ล.001-050 ปรุ 1 ใบ",,แตงโม,"ตัด 5",เมฆ,ตา,N,15-09-23,
15-09-23,"Holiday Inn Koh samui",,"carnival ticket",85903,1000,4,4000,"art 128g","cmyk 2 side ","รันเลขที่ ca 1451-2450  2 จุด /เข้าเล่ม 50 ใบ/เล่ม",,ปัด,"Digital Print","laser ",ตา,N,15-09-23,
15-09-23,"Burirasa Samui",,"beverage order",86069,100,55,5500,"เคมี 3 ใบ ชมพู ฟ้า","น 1 น้ำตาล","รันเลขที่ 25001-30000 ปรุ 2 ใบ",,PL,"ตัด 5",แบ็งค์,ตา,N,15-09-23,
15-09-23,"Burirasa Samui",,"food order ",86070,100,55,5500,"เคมี 3 ใบ ขาว ชมพู ฟ้า ","1 สี คือ น้ำตาล","รันเลขที่17501-22500 ปรุ 2 ใบ",,PL,"ตัด 5",แบ็งค์,ตา,N,15-09-23,
15-09-23,"Melati Beach Resort & Spa",H,nc,86052,100,4.5,450,"art 300 g ","cmyk 2 side ",,,ปัด,"Digital Print","laser ",ตา,N,15-09-23,
15-09-23,วัดสำเร็จ,O,ฏีกา+ซอง,86087,300,4.5,1350,"ปอนด์ 80g ","1 สี คือ น้ำเงิน 2ด้าน",+ซอง,,โอ๋,บริการอื่นๆ,หญิง,ตา,N,15-09-23,
15-09-23,"Samui Motorsland",,ไวนิล,01439,1,900,900,vinly,"cmyk 1 side ",360*100cm,,โอ๋,อิ้งเจ็ท,ต้อม,ตา,N,15-09-23,
15-09-23,"Garrya Tongsai Bay samui",,"note pad ",86103,2000,2.5,5000,"wove b/w-120g"," 2 สี ส้ม เทา",ตัดใบไม่เข้าเล่ม,,PL,GTO,ต้น,ตา,N,15-09-23,
15-09-23,"ฺBlooming Gallery",,"vinyl the blooming gallery ",02526,1,1900,1900,vinly,"cmyk 1 side ","ขนาด 2*4  m ปล่อยขอบ 10 ซม ",,โอ๋,อิ้งเจ็ท,ต้อม,ตา,N,15-09-23,
15-09-23,"Cafe' K.O.B ",R,"sticker ",86241,10,50,500,pp-ด้าน,"cmyk 1 side ",,,โอ๋,GTO4,"laser ",ตา,N,15-09-23,
15-09-23,"Anantara Bophut",H,"mosquito fogging",86166,200,10,2000,"wove h/w 220 g ","cmyk 1 side ","ปั๊มพับ ",,ปัด,"Digital Print","laser ",ตา,N,15-09-23,
15-09-23,เพชรบัญชา,,"Flyer ",86043,11000,0.75,8250,"อาร์ต 157g.","น 4 cmyk",-,,PL,MO4,แอร์+ศร,ตา,N,15-09-23,
15-09-23,"Conrad Koh Samui",H,"kid passport",85349,300,27,8100,"การ์ดขาว 180g","น 4 cmyk ล 4 cmyk",ปัมพับ+เย็บมุมหลังคา,,ปัด,"Digital Print",ปัด,ตา,O,15-09-23,
15-09-23,"ธนาคารออมสิน (หน้าทอน)",O,vinyl,01478,1,900,900,vinly,"cmyk 1 side ","150*224 cm ไม่ตอกตาไก่ ไม่พับ",,โอ๋,อิ้งเจ็ท,ต้อม,ตา,N,15-09-23,
15-09-23,"K.S Paul 's fashion (2)",,"broucher 3 f ",86150,1000,5,5000,"art 157","cmyk 2 side ",พับ,,ปัด,GTO4,แอ้,ตา,N,15-09-23,
15-09-23,"Anantara Vacation Club",H,nc,84283,100,5,500,"wove b/w 220","cmyk 2 side ",,,ปัด,"Digital Print","laser ",ตา,N,15-09-23,
15-09-23,"Explora Koh Samui",,nc,88228,200+200,4,400,"art 300 g ","cmyk 2 side ",,,แตงโม,"Digital Print","laser ",ตา,O,15-09-23,
15-09-23,"Luxury Asia Lifestyles",H,"Guest Registration Card",86190,1000,1.10,1100,"pond 80","น 1 น้ำเงิน","A4 โรเนียว",,แตงโม,บริการอื่นๆ,หญิง,ตา,N,15-09-23,
15-09-23,"Explora Koh Samui",,menu,86048,30,85,2550,"art 300 g ","cmyk 2 side ","matt pvc 2 side  A3",,แตงโม,"Digital Print","laser ",ตา,N,15-09-23,
15-09-23,"  Annie",,"sticker  logo ",88211,2000,.78,1560,"pp matt","cmyk 1 side ",dicut,,โอ๋,"Digital Print","laser ",ตา,N,15-09-23,
15-09-23,"khun ham",," vinly manoyont trip",02535,1,700,700,vinly,"cmyk 1 side ","ตาไก่ 6 ตัว 1*2 ม",,โอ๋,อิ้งเจ็ท,ต้อม,ตา,N,15-09-23,
15-09-23,เพรชบัญชา,,"flyer a5",88232,7000,.7,6300,"art 115 g","cmyk 1 side ",,,โอ๋,MO4,แอ้,ตา,N,15-09-23,
15-09-23,"le merraya",,"Receipt tax in voice",84148,30,105,3150,"เคมี 3 ใบ ขาว-ชมพู-เขียว","น 1 ดำ","ปรุหัว 2 ใบ No.701-730 ล.35001-36500 +เย็บ 50ใบ/ชุด",,โอ๋,"ตัด 5",เมฆ,ตา,O,15-09-23,
15-09-23,"blue and beige",,menu,01440,1+1,250+50,300,"stk ติดพลาสวู๊ด","cmyk 1 side ","ขนาด A3 1 ชิ้น/ A4  1 ชิ้น",,แตงโม,อิ้งเจ็ท,ต้อม,ตา,N,15-09-23,
15-09-23,น้ำตกตานิ่ม,TR,"ticket ",84230,500,30,15000,"แบงค์เขียว 55 แกรม","1 สี คือ น้ำเงิน","รันเลขที่ 0001-50000  ปรุ 1 ที่ เย็บ 100 ใบ/เล่ม",,PL,"ตัด 5",เมฆ,ตา,N,15-09-23,
18-09-23,"Melior Optio",O,"black lite",01409,24,"80*10 / 120*14",2480,"black lite","น 4 cmyk","A3 14 / A4 10",,โอ๋,อิ้งเจ็ท,ไลท์,ตา,N,18-09-23,
18-09-23,"The Fair House Beach Resort & Hotel",H,STK,86020,4,80,320,pp-ด้าน,"น 4 cmyk",-,,แตงโม,"Digital Print",แตงโม,ตา,O,18-09-23,
18-09-23,"The Ritz-Carlton",H,"tag beach bage ",84149,1000,3.75,3750,"olin smoth h/w 300 g","น 1 ดำ","ไดคัท+บล็อคเก่า+เจาะรู+ผูกเชือก เชือกป่าน ยาว 2 ฟุตต",,PL,"ตัด 11",ศร,ตา,O,18-09-23,
18-09-23,"cheffe su",,"Flyer A4 ตัด 3 ",84290,1000,4.30,4300,"อาร์ต 128g.","น 4 cmyk",ตัดใบ,,แตงโม,GTO4,ศร,ตา,N,18-09-23,
18-09-23,"Fair House Villa & Spa",H,"Key Card Folder",84521,3000,4,12000,"อาร์ต 260g.","น 4 cmyk ล1 ดำ",ไดคัท+บล็อคใหม่+ประกอบติดกาว,,โอ๋,GTO,แอร์,ตา,O,18-09-23,
18-09-23,"Half moon festival",,คูปอง,87271,400,54.20,21680,"อาร์ต 157g.","น 4 cmyk ล 4 cmyk","ชมพู 100 / ฟ้า 100 / เหลือง 100 / เขียว 100 เล่ม / รันนัมเบอร์ 1",,ปัด,GTO4,แอร์,ตา,O,18-09-23,
18-09-23,"Coral Cliff Beach Resort",H,"captain order roxy pub",86074,100,55,5500,"เคมี 3 ใบ ขาว-ชมพู-ฟ้า","น 1 น้ำเงิน","ปรุหัว 2 ใบ No.10001-15000 +เย็บ 50ใบ/ชุด",,โอ๋,"ตัด 5",แบงค์,ตา,O,18-09-23,
19-09-23,Hyatt,,"Note Pad A6",84269,2000,1.80,3600,"ปอนด์ 80g ","น 2 เทา ส้ม",เข้าเล่ม,,PL,"ตัด 11",ศร,ตา,O,19-09-23,
19-09-23,"Baan Chaweng Beach Resort & Spa",H,"Luggage Tag",85367,2000,2,4000,"การ์ดขาว 180g","น 1 เขียว","No.0001-2000 เจาะรูกลาง ผูกเชือก",,โอ๋,"ตัด 11",ศร,ตา,O,19-09-23,
19-09-23,คุณบอม,,"STK ติดพลาสวูด",01381,5,600,3000,-,-,"A2 ค่าออกแบบ 3500",,แตงโม,อิ้งเจ็ท,ต้อม,ตา,N,19-09-23,
20-09-23,"Chaweng Cove Beach Resort",H,"beverage order",86056,100,55,5500,"เคมี 3 ใบ ขาว-ฟ้า-เหลือง","น 1 น้ำเงิน","ปรุหัว 2 ใบ No.17501-22500 ล.351-450 +เย็บ 50ใบ/ชุด",,PL,"ตัด 5",แบงค์,ตา,O,20-09-23,
20-09-23,"ฺBliss Event",,brochure,86053,100,25,2500,"อาร์ต 300g.","น 4 cmyk",-,,โอ๋,"Digital Print",โอ๋,ตา,N,09-11-23,
20-09-23,"Hansar Hotels & Resorts",H,ใบปลิวไทยเที่ยวไทย,85399,1500,8.50,12750,"อาร์ต 157g.","น 4 cmyk ล 4 cmyk",ตัด+พับ,,ปัด,MO4,ศร+ต้น,ตา,N,20-09-23,
21-09-23,"Saidaeng Resort",H,ใบเสร็จรับเงิน,85247,200,75,15000,"เคมี 2 ใบ ขาว-ฟ้า","น 1 ดำ","ปรุหัว 2 ใบ No.5001-15000 ล.101-300 + เย็บ 50ใบ/ชุด",,"โอ๋ new PL","ตัด 5",แบงค์,ตา,O,21-09-23,
21-09-23,"Karma Resort",H,bizcard,84257,500,55,27500,"อาร์ต 300g.","น 4 cmyk",ปัมพับ,,แตงโม,"Digital Print",แตงโม,ตา,N,21-09-23,
21-09-23,"go by the glory world wide",,"envelope a5",84116,2000,4,8000,"ซอง 6.38*9","น 1 น้ำเงิน",-,,PL,"ตัด 11",ศร,ตา,O,21-09-23,
